user_pseudo_id,install_date,country_code,ab_test_group,is_ret_target,active_days_count,ltv_ad_accum,ltv_iap_accum,ltv_rw_accum,ltv_is_accum,is_imp_accum,rw_imp_accum,lv_s_accum,lv_e_accum,reach_lv10_target
2934E0305AAB41BA81095CC77B1B2698,2026-06-07,US,0,1,1,0.316415872,0,0,0.282773895,1,0,15,15,1
CF9F1A8101344C7B9014531BC6649C5D,2026-06-10,US,1,0,0,0,0,0,0,0,0,1,1,0
1D3BA5DD7213452DAD610E8FCD31B7AA,2026-06-05,US,1,0,0,0.023701574,0,0,0,0,0,6,5,0
B4AB2FCD7B4E4C2881E0F7C6ABE2AB5B,2026-06-12,US,0,0,0,0.915419056,0,0.897430664,0,0,2,6,6,0
E77DE2AC8B744B5F8BD22F7AFCDAEC02,2026-06-06,DE,0,0,0,0.866998397,0,0.291636047,0.568994369,2,1,17,17,1
8F155C1F2C4D4D74BB3AC8E110585344,2026-06-12,US,1,1,1,4.670595441,0,0.7870833,3.800022734,16,1,31,31,1
87FA6E3DB42940BE86798C96AC1468C6,2026-06-08,CA,0,0,0,0.050511866,0,0,0,0,0,5,5,0
519A1CCE629B4441A85228B39BA4CE56,2026-06-07,EG,0,1,1,0.0000406,0,0,0,0,0,3,2,0
1C1C65E3A3F14016817FEA36B3409C03,2026-06-07,FR,1,1,1,0.060296873,0,0.043849716,0,0,1,18,17,1
45462AA8DBA34D328A99DADBD348DD2B,2026-06-08,US,1,0,0,0.16173197,0,0,0.146157425,1,0,15,15,1
FDFD939680B245D19A36CF25982C2EC3,2026-06-06,MX,1,1,1,0.317627188,0,0.1065417,0.198566605,2,1,19,19,1
7479D6E4B6D0438D81E2BB1FB42027F0,2026-06-08,US,0,1,1,0.638178565,0,0,0.603257197,37,0,53,53,1
2EE1BDC2A57C4CC9BAED49D8E71B0D89,2026-06-09,AU,1,1,1,0.081586839,0,0,0,0,0,17,17,1
9FC8CD98AF1E4824A3B306AC5DA8D644,2026-06-09,US,0,0,0,0.028014768,0,0,0,0,0,9,9,0
9F67CB215938410A871F66DE3FDA0E47,2026-06-06,BR,1,0,0,0.028031015,0,0.026671115,0,0,1,5,5,0
3E99929E94BE40A09D17E5583BC27399,2026-06-06,NZ,1,0,0,0.001329069,0,0,0,0,0,4,3,0
3ECB50A48AAA4848962C3598061CF015,2026-06-11,EG,1,0,0,0.010867465,0,0.010063583,0,0,1,16,16,1
F4D8ADE34560498FB671B38D5B6DE75D,2026-06-11,PK,0,0,0,0.045163284,0,0.019069545,0.024745233,25,8,44,44,1
1901266B85584353B32B4F45C5C7A341,2026-06-07,HK,1,0,0,0.577238672,0,0.557810764,0,0,2,9,9,0
1083D8C7B14E4F82A5E95DF5FD5E9C12,2026-06-06,EG,0,1,1,0.072847837,0,0,0.0683,2,0,28,28,1
C4869196DE184DD2929B23F311AD7A2A,2026-06-07,US,1,0,0,1.397111386,0,1.373873718,0,0,2,6,6,0
1AB7A48B36934223B2758036450F3A35,2026-06-07,US,1,0,0,0.954260759,0,0.920853209,0,0,1,5,5,0
388364047FA944FABA21921EDAD1DAFE,2026-06-10,JP,1,0,0,0.360169589,0,0.348647115,0,0,3,8,8,0
F2F0F00ADA9648A4AC805207581D9DB7,2026-06-08,FR,1,0,0,0.003484315,0,0,0,0,0,7,7,0
12526F134A884DE8B9DC0DAFC17767CF,2026-06-10,US,0,0,0,0.089197563,0,0,0,0,0,11,11,1
A12CBF2E1E014E309FCBA5917EBE0BB2,2026-06-06,EG,1,0,0,0.000095456,0,0,0,0,0,7,7,0
76BD36E5D2D0449FB7D720A947A77601,2026-06-08,US,0,1,1,12.012439701,0,3.129725775,8.653778153,8,4,27,26,1
28DBAA722C8D42E28B3EEF771E2A2BEB,2026-06-05,CH,0,0,0,1.855571109,0,0,1.846955464,12,0,27,27,1
6DBD6EDCC1984189BD90A9389A550166,2026-06-05,PK,1,0,0,0.005269203,0,0.00441221,0,0,1,11,11,0
DAFAABFDB9E94D3EA2AE8B54FE11CFA5,2026-06-12,CG,1,0,0,0.000231944,0,0,0,0,0,9,9,0
FF07C80946D44E94BF4572AD71C5C0F6,2026-06-12,GB,1,0,0,0.609855736,0,0.355303222,0.232817337,2,3,28,27,1
273B5E19586845C398AC2FA19096AB3C,2026-06-12,US,1,1,1,1.639565403,0,0.432500171,1.142892797,9,3,25,25,1
B73F972FF45845129244B74E140C9A9B,2026-06-11,FR,0,1,1,0,0,0,0,0,0,101,100,1
E1D425595D8B41719EE21FE9F51272EB,2026-06-08,US,0,0,0,0.011416728,0,0,0,0,0,5,5,0
D460DC1F2672460EAFFE93388D5221E7,2026-06-08,US,1,1,1,0.43060065,0,0.13587724,0.252333221,3,1,18,18,1
67F52F8C4DF84833B42B10DBFE4C2FA5,2026-06-06,SN,0,0,0,0.000344635,0,0,0,0,0,6,6,0
7326A9641D3D42C08B057AD7FE1627D2,2026-06-09,US,1,1,1,0.286349111,0,0.240615601,0,0,1,16,15,1
F78BD31D38774DB2886F637978F2920A,2026-06-08,US,1,1,1,0.239850809,0,0.198696365,0,0,1,8,7,0
F9135DA43A9542F680657B24369A3642,2026-06-06,KW,0,0,0,0.002185594,0,0,0,0,0,7,7,0
DA7038F25C8547D5905984744EFA0ABD,2026-06-06,JP,0,1,1,99.840484196,0,40.892506826,53.179497362,18,19,53,53,1
B5BE508957964167838E5009B7B85841,2026-06-06,MM,1,0,0,0.000448524,0,0,0,0,0,17,17,1
91EE4C132AC74C898888D6F2680ED62A,2026-06-06,PK,0,0,0,0,0,0,0,0,0,1,0,0
FE5458FC68DF4AD6928A1C9022D09645,2026-06-05,US,0,1,1,4.769758501,0,0,4.66647354,21,0,35,35,1
4A264915E87B4056AF1F131A3A6DBF3E,2026-06-11,SN,0,0,0,0.011744522,0,0.010873033,0,0,1,16,15,1
1FABA4A3D6074C1A95C59FBA272DC4B5,2026-06-11,US,0,1,1,0.245878059,0,0,0.202586829,10,0,27,26,1
6E5DFECB1934495AAB36639A363AA21E,2026-06-07,TH,1,1,1,5.374043757,0,5.28446936,0,0,3,9,9,0
C4E797D5C55642569544FDFB8BB7FC99,2026-06-06,US,1,1,1,0.892604767,0,0.724598554,0.163724309,4,12,20,20,1
8B03DC1B795F4BA09F7850F88563AF11,2026-06-05,PK,1,1,1,0.002801494,0,0.002436194,0,0,1,14,14,1
F474D660EB2E4A25B4F52BE2A4C78054,2026-06-07,US,0,0,0,7.474620263,0,0,7.399298006,9,0,23,23,1
64D0C26743CF48B3B4751047AC06CD7A,2026-06-06,US,0,1,1,16.683884364,0,0,16.531659503,7,0,21,21,1
BC6C34A1BBAA43B689566B3E4401A32C,2026-06-06,SG,1,0,0,1.105031702,0,0.952380524,0,0,1,10,9,1
A37F4F1867D6487EB8E8C129545B0633,2026-06-10,US,0,0,0,1.968825408,0,0,1.911618842,2,0,16,16,1
92FAB9A0FE31456081FB840172F7E352,2026-06-10,PK,1,1,1,0.003374776,0,0,0.002534158,1,0,25,25,1
3CD3BF2F0F6F4AA4AA1FF498435A6955,2026-06-10,PK,1,1,1,0.008485963,0,0,0.007009224,2,0,19,19,1
F090365AD17748CCB2749F0A373A2569,2026-06-05,UA,1,1,1,0.548603978,0,0.105625,0.423246308,3,1,19,19,1
120DF8F41AB84E85ABEF0E71A9804FCD,2026-06-11,US,1,1,1,0.438467082,0,0,0.410817695,2,0,17,17,1
D8BDC7A39D194DEE9B5A57500F989982,2026-06-12,AU,1,1,1,0.047345852,0,0,0.032785045,1,0,15,15,1
5F890A30E76A4E95B0D881007E00DE9A,2026-06-08,US,1,0,0,5.106397552,0,4.195311035,0,0,1,15,14,1
ECCBEF5679FB448EAEC6514566035359,2026-06-09,US,1,0,0,0.607313168,0,0.594242674,0,0,1,5,5,0
BE1F2BF99EA64FABA6C26019E97E0D9E,2026-06-09,CA,1,0,0,1.021961926,0,0.952380524,0,0,1,5,5,0
CAFF463B16D84A508CCDA51F2AE26C5F,2026-06-06,SN,1,0,0,0.000113598,0,0,0,0,0,4,3,0
C49D70329FA24B48A39D2C9EDB9A805A,2026-06-06,GB,0,0,0,0,0,0,0,0,0,20,20,1
8F3C7103F7E644B99F1589B74921E46B,2026-06-05,US,0,1,1,1.003776659,0,0.887078178,0,0,1,15,15,1
7189F1345DC64EBAB4D529DA17BF4E8A,2026-06-11,SG,0,0,0,0,1.393000007,0,0,0,0,1,1,0
4EBF6780E7444A8EB6055EEAE2C9E261,2026-06-11,US,0,1,1,0.831615064,0,0,0.782538722,11,0,27,27,1
3E184C7B869545FAB9F77F46C316F62D,2026-06-12,US,0,1,1,6.620309936,0,0,6.444110107,2,0,16,16,1
9114438760024E9E84EE333DB5C68C1F,2026-06-12,US,0,1,1,0.761807647,0,0.419598323,0.327737539,18,16,44,43,1
610A44F5EEEC40C8923837CCA8FE1970,2026-06-05,US,1,1,1,0.49628891,0,0,0,0,0,8,7,0
46356FB6B11A4A8D9267D8F6AC900654,2026-06-07,GB,1,0,0,0.0260653,0,0,0,0,0,4,3,0
E28E0AE2EF6D4306803EB09ADF16F9DE,2026-06-05,BJ,0,1,1,0.023557491,0,0.021672977,0,0,3,8,9,1
4E688D12BD97496C8625710909D11E32,2026-06-05,AU,1,1,1,0.301983034,0,0.022611053,0.21545986,20,1,36,36,1
B8BBFE01A7C848008096C594D5DEB019,2026-06-09,TR,0,1,1,0.486755456,0,0.166452223,0.314669325,62,16,88,92,1
115B698F75654F64AAF5D542DA32D365,2026-06-10,US,1,0,0,0.96061227,0,0,0.910750242,2,0,16,16,1
FCE255B60CD4490EB80F9E5803E21EF6,2026-06-09,PK,0,1,1,0.000508418,0,0,0,0,0,12,12,1
01A5FD16B9FA420DA23EF55B33435FB1,2026-06-10,AU,1,0,0,5.002709408,0,5,0,0,1,6,5,0
9063F2E91C854081BDF4DBCB9DDDA136,2026-06-12,US,0,0,0,0.310792377,0,0.295687805,0,0,1,6,5,0
C6705E1F5D254DAB93F341626BE40F8E,2026-06-08,AE,1,0,0,0.212459745,0,0.13509258,0.067169106,2,3,18,18,1
BCE877B5672A46B9ACEB4AECA3793A6C,2026-06-09,NL,0,0,0,0,0,0,0,0,0,2,1,0
67B5DF8F9BE74F0DAFBED1146C6A1CEC,2026-06-05,MX,1,1,1,2.081793038,0,1.386107564,0.686385856,25,26,61,60,1
04B7AB2401A24FFE82A31FB519307009,2026-06-11,US,0,0,0,0.084847249,0,0,0.080031997,2,0,16,16,1
40B4673566B64C84BF46331B313AA54D,2026-06-11,US,1,0,0,1.022047346,0,0,0.92611436,4,0,20,19,1
C2C8322D28A7458699F2E7ABCA92B817,2026-06-11,PK,0,0,0,0.00024315,0,0,0,0,0,5,5,0
93B20F4281A64289890E0D7FDFE29C86,2026-06-07,DK,1,0,0,4.066661706,0,1.236370239,2.783851318,1,1,16,15,1
9375B89091A84F4BBCFD8C74150DACF8,2026-06-07,US,1,0,0,2.725315992,0,2.6477778,0,0,1,5,5,0
EF716EC9ABA24FD1893AAAE8B5AA55EB,2026-06-07,FR,1,0,0,0.431651781,0,0.097365906,0.327446114,7,1,22,21,1
33991A7656004E6495C5846F366A53FA,2026-06-06,PK,0,1,1,0.005499541,0,0,0.0050224,2,0,3,4,1
414E878F1F4240C493605F0D8933E824,2026-06-06,PK,0,1,1,0.004154094,0,0,0.003064157,2,0,27,25,1
F0E43469101A4D8CA0EF89464D06DBF5,2026-06-10,EG,1,0,0,0.000244958,0,0,0,0,0,8,8,0
5C45E8D265EA459FBEDE08667FEBD2C2,2026-06-10,SA,0,0,0,0,0,0,0,0,0,2,1,0
9FF616B3F0CD45959A2E9337FBB10CE1,2026-06-10,SA,0,0,0,0.00314218,0,0,0,0,0,10,9,1
665A251751AE4B5AA9695C0FEC922635,2026-06-05,GB,0,0,0,0.738938861,0,0,0.722413921,24,0,40,39,1
80F0DAE9890F480CB4F75407DA7D945D,2026-06-05,DE,0,0,0,0.418731419,0,0,0.407192108,1,0,15,15,1
6FFA7D9D21E14C21909BDC7B3C25BD08,2026-06-05,CA,1,0,0,0.034329768,0,0,0,0,0,6,5,0
99A69714E9124D8D81B04B907742010A,2026-06-05,JP,0,0,0,0.715070451,0,0,0.474187807,1,0,15,15,1
81F4B3D02E2F477C887F98959941C204,2026-06-12,US,0,0,0,0.791668611,0,0,0.776208954,2,0,16,16,1
8D93E1DB687C4C8899A5674560163DAB,2026-06-12,JP,1,0,0,0.270327997,0,0.035331577,0.218183866,19,1,34,33,1
67A272F1B1474A28A76FA7AA361C1A6D,2026-06-12,BE,0,0,0,0,0,0,0,0,0,1,1,0
9E85D980CE384505BA97C5B8DC948259,2026-06-12,JP,1,0,0,0.009614556,0,0,0,0,0,11,10,1
1342A60252A1410891AA7DEAE3D6C169,2026-06-08,PK,1,0,0,0.000293419,0,0,0,0,0,9,8,0
684B9B137F8243D4A2971A3291F7A307,2026-06-08,US,0,0,0,0.565976676,0,0,0.50125,1,0,15,15,1
A9935FFDF2C548E3BBCBC09243DAF89A,2026-06-09,EG,0,1,1,0.005192673,0,0,0.005065464,2,0,19,19,1
B2075CAD425A4F6EA2911D921C661787,2026-06-08,CA,0,1,1,1.816652449,0,0,1.660285936,6,0,20,20,1
4725CDB1F62F48A1A39E858028DD7FB1,2026-06-06,JP,1,0,0,1.307396686,0,0.952380524,0,0,1,9,8,0
EC309B14CE1645D6A6E3E46DF0DC4386,2026-06-05,US,1,1,1,0.122303223,0,0.0935417,0,0,1,8,8,0
F4B93DDA7DF441CAB790A47A3CBCBDA6,2026-06-06,DE,1,1,1,15.147650317,0,0,15,3,0,17,17,1
18B2E03BF6CB426FAD5746E52F1920A2,2026-06-06,AU,0,1,1,0.098484855,0,0,0.078106132,2,0,16,16,1
BCB704E5485A43D1BC6A64E535CB7674,2026-06-09,US,0,0,0,1.313050025,0,1.296050025,0,0,1,0,0,0
2921142D6D13458281CA0B1AA8C92D14,2026-06-10,US,1,1,1,0.974695762,0,0.554585222,0.357880052,5,8,28,27,1
EA66FDE690944EEC9A7ADF365AC32B00,2026-06-07,DE,1,0,0,3.607429746,0,1.641563598,1.958076881,10,7,26,25,1
4DF7DC5554A9479080AA24A5740D69A9,2026-06-08,MX,0,0,0,0.480527212,0,0,0.418605957,1,0,15,15,1
E3D391308CAC4D69B9938FD38BE0D2D0,2026-06-10,US,0,0,0,0.43276212,0,0,0.414845064,4,0,18,18,1
57411AC77B7C49738C27B61766070E43,2026-06-10,DK,0,1,1,1.926122651,0,1.865315613,0,0,2,7,6,0
A3B7F6A5F6AB454AA9A4BE7B74614479,2026-06-12,DE,0,0,0,0.561813973,0,0.254798798,0.294660922,3,1,17,17,1
E5BA07495ED44D8C8E7B64E568D21EBB,2026-06-12,PK,0,0,0,0.000106197,0,0,0,0,0,11,10,0
49E2ACD515A04147BB7F460402339963,2026-06-12,US,1,0,0,0,0,0,0,0,0,2,1,0
911DA456630B41A18A4866336AA5A668,2026-06-08,US,0,0,0,0.702092592,0,0,0.615593554,2,0,16,16,1
F00B825890CE48D8BFF652B38E997F8C,2026-06-08,US,0,0,0,0.008391646,0,0,0,0,0,7,7,0
DA25FCD847FF473A97EF299442AEA8EC,2026-06-09,BD,0,1,1,0.098971034,0,0,0.096755717,6,0,23,23,1
5D10018627B34817AAF42B9619584039,2026-06-08,US,0,1,1,1.77161893,0,0.630890787,1.10058813,28,5,43,43,1
8A00A2304A264AEFB664074644B5D803,2026-06-06,US,0,0,0,0.29497863,0,0,0.283720495,4,0,19,19,1
E3D065A490A74E3A985347862129ED1C,2026-06-06,US,0,0,0,5.114389451,0,5,0,0,1,6,6,0
22A97964F4F0452984A4DD11C8D5226C,2026-06-06,US,0,0,0,0.952525166,0,0.927008606,0,0,2,7,7,0
2739B7AC5A3D4EC49D54EDD9CE5D7A71,2026-06-06,US,0,0,0,0.02201,0,0,0,0,0,4,4,0
42D1ECA930F348AD9AAD90F7A2DC6981,2026-06-06,US,0,0,0,3.081212469,0,0,2.86827356,3,0,17,17,1
CF4FF710252A4745BED002B091B240B9,2026-06-05,PK,0,1,1,0.00058711,0,0,0,0,0,14,13,1
3AE8866ACAD34FF7BA35B031CDC3D9DE,2026-06-12,DE,1,1,1,0,0,0,0,0,0,2,2,0
86A0FDCF493C4C0F8C74BCA929608DDF,2026-06-07,SN,1,0,0,0,0,0,0,0,0,1,0,0
DB917954067D489AAF01F70609C926B8,2026-06-07,AU,1,0,0,3.744593782,0,1.306694689,2.36969647,4,2,20,20,1
E09C1AAF4E65429F9BBFD142D4E48F20,2026-06-06,US,0,1,1,0.356461461,0,0.120521841,0.219529075,4,2,19,18,1
4169C254965B4B2AA71F4EF66DA86A7B,2026-06-09,US,0,1,1,3.158629444,0,2.83886438,0,0,2,16,15,1
887E6D5BC4FA4B5797B0ECD76CF73EEA,2026-06-10,US,0,0,0,0.224341841,0,0.19837619,0,0,1,15,15,1
77005869600F4CD0A8BF873743B8C032,2026-06-10,SN,1,1,1,0.000497765,0,0,0,0,0,23,22,1
B19B5965BF6846E38EB1FA02FE61FD98,2026-06-05,US,0,0,0,0.029745733,0,0,0,0,0,14,13,1
B7E298261095416F97338FA37BF0A2F5,2026-06-05,SN,0,0,0,0,0,0,0,0,0,2,1,0
3901D0AFADD444D293B0D04826E4BE73,2026-06-12,NL,0,0,0,2.726585336,0,0,2.70512024,5,0,21,21,1
9DC43BCE0F4D4152BD60FE47C285AC9B,2026-06-11,PK,0,1,1,0.065533902,0,0.044493396,0.018715546,1,2,28,27,1
1C7DC2702CE945E48304352A1EB224A9,2026-06-12,US,0,0,0,0.479909525,0,0,0.468562738,10,0,25,25,1
6A393411FC8A4BEB8070E36611A72F79,2026-06-12,DE,0,1,1,0.199805199,0,0.056818019,0.138499657,11,2,26,26,1
CD35B616533B4636BEEDD1BC9272D482,2026-06-08,US,0,0,0,0.902574612,0,0,0.856437569,2,0,16,16,1
D0DADC70FFC54412A17CAA29EA5F1D24,2026-06-08,TH,1,0,0,0.008165532,0,0,0,0,0,8,8,0
E07E81E4F8F8486785AC956296189F5F,2026-06-08,EG,0,1,1,0,0,0,0,0,0,12,12,0
A9D53AEFC6A24E0A80614617623F5FF9,2026-06-08,JP,0,0,0,6.011911112,0,0,5,1,0,15,15,1
22DDD7D4AA6845D68875D60D0C22DD21,2026-06-09,JP,0,0,0,0.047539173,0,0,0,0,0,4,3,0
11C6BB0EC5E848459C6E7B782E9222AA,2026-06-09,US,1,0,0,0.469333699,0,0.409421844,0,0,1,14,13,1
9331BA31EF66441FB6D4326E955ECF3A,2026-06-05,GB,0,1,1,0.2316315,0,0,0.225926468,1,0,72,72,1
8B2AAEF40CF94B4E8630E88EBB61EB48,2026-06-05,US,0,1,1,0.154686211,0,0,0.147117035,1,0,61,61,1
E0AB65D05E5C447BB4A1F732C42BA2DE,2026-06-06,US,1,0,0,0.051446336,0,0,0,0,0,4,3,0
4C5B9FDFB478485ABFCCEA13633A1BA5,2026-06-11,DE,0,1,1,0.434253819,0,0.189492031,0.243322725,45,13,59,59,1
B7A8BAEE7F67495A95D33906CC2EC897,2026-06-11,US,1,0,0,0.627443117,0,0.572091614,0,0,1,14,14,1
786C3939ED3A4D3AA5FA2575B9963714,2026-06-06,PK,1,1,1,0.012852043,0,0.012772643,0,0,1,12,11,1
E3EB3A8D8AFB4746B7BBC03DE4E31D43,2026-06-10,UZ,0,0,0,0.000232434,0,0,0,0,0,6,5,0
A2A1FA6C70C14A8180633F3F3C4C4E4A,2026-06-10,SA,1,1,1,0.152877378,0,0.092790316,0.042113903,1,3,18,17,1
ACEF7E4C427A4D299860125E6BE6A71A,2026-06-08,US,0,1,1,1.816559336,0,0,1.761071397,13,0,30,30,1
06591C53C66B49FBA05B5E627635B3C8,2026-06-10,US,0,0,0,0.836705677,0,0.7545833,0,0,1,10,9,1
E3C62CBCA28C440EA7516AED840D6849,2026-06-05,CG,1,0,0,0.009223921,0,0,0,0,0,7,7,0
E2892718C69E40E5AA01DE83524554BE,2026-06-05,US,1,0,0,3.239714178,0,3.1166667,0,0,1,12,11,1
4B26BBD5ED6D42C09EA9C9538A199B40,2026-06-05,JP,0,0,0,0.001949139,0,0,0,0,0,1,0,0
200D3B2CF1564D8BBB79B4ECC52439D0,2026-06-05,US,1,0,0,0.971910954,0,0.9520833,0,0,1,5,4,0
E7DD973283464E0F84D632AAA090CAD2,2026-06-11,EG,0,1,1,0.00037727,0,0,0,0,0,7,6,0
0B2F145F707A4993BBC607C5FFE8DEFB,2026-06-12,EG,1,0,0,0,0,0,0,0,0,2,1,0
5C9BCFDDF4B74C998866BD32ACFD7CEA,2026-06-09,US,0,0,0,0.721891689,0,0.636560913,0,0,1,13,13,1
147E7E9EDDDB49DD932ECF31758A6626,2026-06-12,US,1,0,0,0.572762272,0,0.252658725,0.251428188,1,1,16,16,1
8A1433C70DBD4FFDA6E7BE028AD7CB6A,2026-06-12,JP,1,0,0,0.092297125,0,0.088425784,0,0,1,5,5,0
385EB0FB549C46FFA9DB1EC3254D30BC,2026-06-12,PK,0,1,1,0.004119652,0,0.003978237,0,0,1,10,9,0
7D871410DAEC42C9A5792670D544D123,2026-06-12,JP,1,1,1,0.521022264,0,0.511289632,0,0,23,31,30,1
A46A5CA8C5DC46179E77E009BC7D6000,2026-06-08,DK,1,0,0,0.084907021,0,0.075702209,0,0,1,10,9,1
F1F8A06FEC104353A917A28E8F5C560A,2026-06-08,PK,0,0,0,0.000318594,0,0,0,0,0,6,5,0
C2E25015397F4EB2B5904D487C408301,2026-06-08,SA,0,1,1,0.328264214,0,0,0.32149762,3,0,18,18,1
8864E8E3901E4EF39659E9CB4D486789,2026-06-08,NZ,0,0,0,0.009055721,0,0,0,0,0,15,14,1
79DE404098DF48459BC2FD79148A7F71,2026-06-09,RU,0,0,0,0.298879812,0,0.296426285,0,0,2,12,12,1
E62A856D43B34ADAAE3DE8FB00DBB2F1,2026-06-06,US,1,0,0,0.023185002,0,0,0,0,0,10,10,0
43F12A8DF66F4A8E8780A17AF4AA54F0,2026-06-11,US,0,0,0,0.863426838,0,0,0.778354888,2,0,16,16,1
68328E778B7343369EEBBB6ABBDBAB18,2026-06-11,US,1,0,0,1.035656952,0,0.314427504,0.701953883,11,3,28,27,1
0A1113FAE243412599209F84A9018AB5,2026-06-10,PK,0,1,1,0.182844682,0,0.027425,0.154004874,7,1,66,66,1
1DDB12F223324DAC8620EA4E70741596,2026-06-11,US,0,1,1,0.403707827,0,0,0.34216684,3,0,17,17,1
349663BAB0444B30A77F6C5066041BC6,2026-06-07,US,1,0,0,1.938796859,0,1.923878737,0,0,7,11,11,1
EDB0692F799A408C85B8455769D33C2A,2026-06-07,GB,1,0,0,0,0,0,0,0,0,1,0,0
79923E1CD9B94DCB8F200C9F48B518BA,2026-06-07,US,0,0,0,1.029983654,0,0,0.893076842,3,0,17,17,1
CD2B23AA82F94240A5B9FCC90A2FEFB9,2026-06-07,IT,0,0,0,0.010558407,0,0,0,0,0,8,8,0
562434C47C3A4E1EBEDE7EABF49C782D,2026-06-05,FR,1,1,1,0.588587826,0,0.209175993,0.376307231,20,7,45,44,1
0DEBC0A920AC402CBA6FA8BF005C3195,2026-06-07,PK,0,0,0,0.000445475,0,0,0,0,0,6,5,0
35A422BD20F041D3B1C91C5D7F12B503,2026-06-06,DE,1,1,1,0.363880973,0,0.024674875,0.323088683,43,2,61,61,1
A80AB948C3A54DCDAF2BCF4F1C9BAB79,2026-06-10,GB,0,0,0,0.645943356,0,0.20109207,0.438562738,5,1,20,20,1
B6039121ADEE40B1B0451C621C924352,2026-06-12,PK,1,0,0,0.008778336,0,0,0.008251594,6,0,21,21,1
55B533B3D3BF4118A96C4A66DE2D6558,2026-06-12,SN,1,0,0,0.008943372,0,0.008588962,0,0,1,6,5,0
66CF95D98BAC435C9FAD597AA400B437,2026-06-08,EG,1,0,0,0.000124909,0,0,0,0,0,2,1,0
4BBC3EC750914A16A64B4FC43B674A6D,2026-06-07,JP,0,1,1,1.477479541,0,0,1.431869218,18,0,32,32,1
BC8412BDEE3044D2991D7BDC31C9C0CC,2026-06-07,US,1,1,1,0.029629754,0,0,0,0,0,7,6,0
25E7648F78DB47EFAA6EE7384FC901E4,2026-06-09,US,0,1,1,0.148194134,0,0,0.138783425,2,0,18,18,1
E29F21197D4B49A2809C90D9CE36F22F,2026-06-05,SN,0,1,1,0.000458852,0,0,0,0,0,18,18,0
DEE8AE2EE99E40068708DDF5BC6DA5DB,2026-06-05,US,1,1,1,16.315780403,0,14.478733642,1.6011111,1,12,20,20,1
26200ED748A64454A1E9377FFAE06563,2026-06-06,US,0,0,0,0.373772366,0,0.126625,0.230728801,2,1,16,16,1
A483DA8219234A65A92B5660AF3DD319,2026-06-12,GB,0,1,1,1.658725031,0,0.470216285,1.148112073,5,2,22,22,1
096B06B7C4144152B0E50F1AAA6675A1,2026-06-06,HK,1,1,1,0.404043377,0,0,0.391773284,3,0,19,18,1
5BB13F1C488446B09B8E8B90168A1BA8,2026-06-07,SN,0,0,0,0.000329754,0,0,0,0,0,12,11,0
0B35436803244E0395BF339E05146258,2026-06-07,SA,0,0,0,0.0019808,0,0,0,0,0,3,3,0
C9C0D7BFF08542A08003E0A16F7B6095,2026-06-07,US,1,1,1,0.777497901,0,0.639681363,0.122417366,1,6,19,18,1
8FADA5BEAAF24E1D85BD42B13576CFD1,2026-06-06,CO,1,1,1,0.238606885,0,0.235597181,0,0,2,18,18,1
8222E39E935F437D9B82B4A220F43C1B,2026-06-10,CA,1,0,0,0.007539691,0,0,0,0,0,4,3,0
2E0D9E306D654023A1E0D367F5B5CE95,2026-06-10,SN,1,1,1,0.003951022,0,0.003855831,0,0,1,7,6,0
13A397C5ED4140068F353F4EF01182A6,2026-06-09,GB,1,1,1,0.698196265,0,0.138691558,0.555942961,12,2,26,26,1
2938C051C3AF440B9AD3ED5807C57A42,2026-06-09,GB,1,1,1,0.404523042,0,0.109796172,0.281762287,23,2,39,40,1
FE0E5B7D885C4FD8AE11A9559D901B8A,2026-06-12,US,1,1,1,0.732894361,0,0.042743683,0.665617888,33,1,50,49,1
861FA00BD96C4FD3B1A271102B39F690,2026-06-12,US,1,0,0,0.310110565,0,0.045274036,0.23820024,4,1,22,22,1
6DFE71D53E1A434CAC8BF1D23ADF6472,2026-06-12,US,1,0,0,0.173336346,0,0,0.156358408,2,0,17,17,1
9FB13895B6E54FDA943DD742F458814B,2026-06-12,JP,0,0,0,0.005291492,0,0,0,0,0,11,11,1
A86277BE3CB94AD7A74D5984C363820D,2026-06-06,GB,0,0,0,0.180971155,0,0.175882796,0,0,1,5,5,0
80F675F41ECE403ABAC35766571EC5B8,2026-06-08,CA,0,1,1,0.67112587,0,0.142520145,0.504479701,24,4,44,43,1
D18A02E3CAFF4944A755C02EBD36B850,2026-06-06,DE,1,0,0,0.026325984,0,0,0,0,0,9,9,0
A0B37578D9FF45DDA66A0EB534FD6151,2026-06-06,US,1,0,0,0.399518416,0,0,0.337516795,1,0,15,15,1
65C0C5D444094D74B3E4C00921DCE79A,2026-06-06,US,0,0,0,0.00345825,0,0,0,0,0,6,6,0
5F34D9DD03FA4F2F9849B41DDED30707,2026-06-07,US,0,0,0,0.535274225,0,0.266911925,0.217962583,2,2,18,18,1
BB799EAB68F84020BED7AC075BE81093,2026-06-07,PK,1,0,0,0.002344914,0,0,0,0,0,11,11,0
C5EA53A55C084931A38892786B7032D4,2026-06-07,PK,0,0,0,0.012792776,0,0,0.01135682,2,0,18,18,1
04FDEDA94C9D426F831C375DB8D34480,2026-06-06,US,1,1,1,0.052709102,0,0,0,0,0,10,9,0
972F9CE7A1534D47A91A3F3ECBE4031C,2026-06-07,US,1,0,0,1.222015853,0,0,1.16108391,2,0,16,16,1
2F19FD3ADA7A4587ADEFB41997CC782F,2026-06-08,US,1,0,0,3.388674659,0,3.245666504,0,0,2,12,11,0
04B1CBA2EB52494EA3A04BD9DBEF27D7,2026-06-09,US,0,1,1,16.677532159,0,4.372268175,12.172059981,10,4,27,26,1
EAD2857FA39B467D8D6A61D2A6EE3CDA,2026-06-10,CA,0,1,1,0.320142871,0,0,0.293072655,8,0,27,26,1
3A0885DF7BE0472797E5D8C0F005CB48,2026-06-09,NL,0,1,1,0.142192044,0,0.017922754,0.108480092,7,1,21,21,1
87913173C21747DFB9965B5AFAEDFF5E,2026-06-05,DE,0,0,0,0.005543823,0,0,0,0,0,4,3,0
A7AE48B17B78431CB7A50269BF64B7A0,2026-06-11,US,1,1,1,0.011576554,0,0,0,0,0,7,7,0
899A08817BA749ADA3AF01ABAA42F1E2,2026-06-09,FR,0,1,1,0.497362376,0,0,0.49228044,23,0,44,44,1
3ABB5475E6744603858BC2F2A173700F,2026-06-09,FR,0,1,1,0.782977883,0,0.242954398,0.539216077,65,16,82,80,1
24B97AFDDE7D42B190154BB5CBBFBCBA,2026-06-12,FR,0,1,1,0.116981063,0,0.05,0.062015443,1,1,15,15,1
5FF254ECE5784C818037257CDB9996ED,2026-06-12,RU,1,1,1,0.832844919,0,0.124824131,0.705206688,58,4,75,75,1
A0E93B4FF0514BFEA99D8B636D357FDA,2026-06-08,US,0,1,1,5.737014604,0,0,5.671366754,10,0,27,26,1
40A309D2EA3D4FD7BC883D511B638E8A,2026-06-08,GB,0,1,1,0.245982208,0,0,0.241357177,3,0,24,24,1
89143082051246C7ABF5962E396295D4,2026-06-09,CH,0,0,0,0.002906106,0,0,0,0,0,5,4,0
ACB89226D0AC4E26A8A73B42144C49F2,2026-06-05,US,1,1,1,2.221135379,0,2.141492547,0,0,5,18,17,1
8BF36FF9BC0C4F5FA95CA2BA7BB8DDE3,2026-06-06,PR,0,0,0,0.041869218,0,0,0,0,0,5,5,0
AE9C726193784BE18B0FB0FE05A9007A,2026-06-06,US,1,0,0,0.01732795,0,0,0,0,0,5,4,0
B1D0734ED94040539B4BE2CA706F525F,2026-06-06,PK,0,0,0,0,0,0,0,0,0,2,1,0
80AD916B234746579BAFA86206A96FB2,2026-06-11,FR,1,0,0,0.06293934,0,0.062252316,0,0,1,8,8,0
03D9CA481F8F4E25B3528B0AB68F7E2F,2026-06-07,US,0,0,0,1.0837548,0,1.0766667,0,0,1,5,5,0
0F89C799F4464BB693C07E952A7DC254,2026-06-06,US,0,1,1,2.929138887,0,0.952380524,1.92225351,2,1,16,16,1
21BDA8591DEE41A1AA5E7FB74EF1E4C8,2026-06-07,FR,1,0,0,1.01262793,0,0.952380524,0,0,1,5,5,0
279CBEC6E23D4F2CABC40326EA0D3563,2026-06-05,PK,0,1,1,0.000061208,0,0,0,0,0,4,3,0
D534FF43B32446A89DB47526CD9D9B64,2026-06-10,GB,1,0,0,5.068662567,0,5,0,0,1,10,9,1
8E346AD28B124A0AACA93BE3EE0B349F,2026-06-09,MX,1,1,1,0.002184592,0,0,0,0,0,10,10,1
0379DB6D5A084D149FD3984F60F8C5FD,2026-06-05,PK,0,0,0,0.02093389,0,0.0149204,0.005862496,1,2,16,16,1
1C23B2CA95FA468CB70EB5032B7FB541,2026-06-12,US,1,0,0,0.798793347,0,0.704139587,0,0,1,11,10,1
853B8F30FC1A4E2C96CA21E6DECD8ECE,2026-06-12,CA,0,0,0,0.00347419,0,0,0,0,0,3,2,0
1C8F904416CF4360B2313A535D5792A3,2026-06-12,US,1,0,0,5.103231575,0,5,0,0,1,15,15,1
D6AC2602CBF74AD0931CE6FE08D4B415,2026-06-08,US,0,0,0,0.135222411,0,0,0,0,0,5,5,0
8EE042D2480447F7ACF3181427D2DBDA,2026-06-08,UA,1,0,0,0.124322641,0,0.122945499,0,0,5,12,11,0
A22E61C2858B4903A19AC456131F2E9E,2026-06-06,US,1,0,0,2.609815088,0,2.561277954,0,0,3,14,13,1
5BF599DE6A124374B610C771ACE03796,2026-06-09,US,0,0,0,1.506578993,0,0,1.092893066,1,0,15,15,1
391E99E03C6640598752D9A8BB316D86,2026-06-08,CA,0,1,1,0.625238415,0,0,0.610305571,10,0,22,22,1
06F790585D844043B2F98AF1A13E53B5,2026-06-09,CA,1,0,0,0.087116977,0,0,0,0,0,4,3,0
57E1FC32C10448B7AC3B98A06FAD871E,2026-06-06,CA,0,0,0,0.0152226,0,0,0,0,0,4,3,0
B83C2FF61CAF47DCA95D1A77F97C5C03,2026-06-06,US,0,0,0,2.305000979,0,2.252071777,0,0,1,9,8,0
136AE96E527242BF924CEC8D429A2465,2026-06-06,US,0,0,0,0.254079423,0,0,0,0,0,20,20,1
65E08BBEA9D5432994DE231440FFC525,2026-06-06,US,1,0,0,0.006,0,0,0,0,0,5,4,0
3FA2A2D93AF641149997F53DB7BD0EB3,2026-06-06,PK,0,0,0,0,0,0,0,0,0,1,1,0
4F26746F08674E179EF3A8537A2E27D0,2026-06-07,AT,0,0,0,0.033854831,0,0,0.033505065,2,0,17,17,1
22C87252FFCE4A6E8C5351EA4E1AE940,2026-06-10,MX,1,0,0,0.976800708,0,0.463241399,0.494527572,4,4,22,21,1
708472D3A2A94DDA84284EF2ED7BB9BE,2026-06-05,US,0,0,0,0.937679166,0,0,0.873193887,5,0,5,5,1
439BF1DC31F04A36A8FD150269086D54,2026-06-12,GB,1,1,1,0.18160133,0,0.028346483,0.14692527,5,1,22,22,1
1C534DC9C1AF448E8FB1CA8F9EEE15E6,2026-06-12,US,0,1,1,10.116837405,0,6.023062118,4.031666186,40,53,58,57,1
F093D9EA909F456E96EC79E3BFF02776,2026-06-08,PK,0,0,0,0.002514273,0,0,0,0,0,6,5,0
9646B99769BA463C82159D39B32F39E0,2026-06-09,FR,1,0,0,0.130509172,0,0,0.124369107,14,0,28,28,1
E7932DF6BB7E4613B99E8C68FDA96E70,2026-06-09,US,0,0,0,0.041527175,0,0,0,0,0,4,3,0
7AD460A67D3E4F4DAB03E9B479323D90,2026-06-09,PK,0,0,0,0.000281294,0,0,0,0,0,9,8,0
66570F1BE62E4C0490CBF8EFBDD825ED,2026-06-09,BJ,1,0,0,0.00151031,0,0,0,0,0,12,11,1
3842A4E3643E461EBCC4F94118EA0F63,2026-06-09,EC,0,0,0,0.000687924,0,0,0,0,0,3,2,0
5343B98C1FF0445CA802B30DD8D58051,2026-06-06,DK,0,0,0,0.078533211,0,0,0.077304608,1,0,15,15,1
B2E568BE0CCE46A1AB812BFAD9618286,2026-06-06,US,0,1,1,8.774095834,0,0,8.719321992,10,0,25,25,1
CED957B8D293455789CD36FAAE1DFE8E,2026-06-06,MN,0,1,1,0.101903101,0,0.041274564,0.060231787,20,6,44,43,1
000633A506284727973824CC19724EA9,2026-06-06,US,1,0,0,0.005498834,0,0,0,0,0,4,4,0
6A543920A38C464B94186A1E1432EACE,2026-06-07,SN,1,0,0,0.000936885,0,0,0,0,0,15,15,0
FE1D8215F427482CA77EC116CD05EDBC,2026-06-07,GT,1,0,0,0.030706479,0,0,0,0,0,11,11,1
E7CFB497A8A84F709FA06059572E079B,2026-06-07,KH,0,0,0,0.000047477,0,0,0,0,0,2,1,0
9AF3DD2A35A942BC8D5E3B0A6976E247,2026-06-07,EG,1,0,0,0.000654118,0,0,0,0,0,9,8,0
ECEFBAAED587462FA825490A832EFA63,2026-06-06,US,1,0,0,0.37778476,0,0.36978476,0,0,1,6,6,0
E1CF685A039B4FDCA7EE81DE57CE53E1,2026-06-12,US,0,1,1,0.306466834,0,0,0.302084672,2,0,16,16,1
3DA3D317CF0B4586A55B92769F319BEE,2026-06-06,ES,0,0,0,0.940819073,0,0.919798553,0,0,2,19,19,1
87DC6524566B48478437E808FF9AC517,2026-06-08,PK,0,1,1,0.01981693,0,0,0.019354973,5,0,20,20,1
C5B4027B68DD429BAE169612D70C2580,2026-06-08,PK,0,0,0,0.015672602,0,0,0.014320286,3,0,17,17,1
59894ED692094F74B6865E90DFCF2DFF,2026-06-09,PK,0,1,1,0.000618414,0,0,0,0,0,17,16,1
C307912385D648E0B60098AF2B291620,2026-06-06,AR,1,0,0,1.918592243,0,0,1.831979492,1,0,17,17,1
E5AD911206CD4A879C6301D9CE37CA0E,2026-06-05,PK,0,1,1,0.009889264,0,0,0.009156493,1,0,16,16,1
A85286B6E6DD45E0A391A79A08B1AE74,2026-06-11,TR,0,1,1,0.441539039,0,0.043627419,0.396889824,24,3,49,49,1
1928D02B472F4E0C98F8A873415CC3FA,2026-06-05,US,0,1,1,0.019579785,0,0,0,0,0,11,11,1
3D6C44E4360C4F298D4644B5E0CE4AB4,2026-06-09,NG,1,1,1,0.003593238,0,0,0,0,0,9,9,0
FCD813B3C8CB471CBC2A6004B5D8BB69,2026-06-08,FR,0,1,1,0.504214761,0,0.287542265,0.214476594,20,16,51,50,1
229DA3A595F442F3A767B40A708BC9BA,2026-06-10,BR,1,1,1,1.064624404,0,0.121024086,0.930763022,35,4,56,56,1
2B6E3A3160A14ADF827A366AB932589A,2026-06-05,US,0,0,0,0.044480836,0,0,0,0,0,15,15,1
3DC7F076A6094A94A3941D3FC50BA316,2026-06-12,JP,1,1,1,0.554895811,0,0.102387586,0.451171065,6,1,24,24,1
13A0070F9B094B9B9184407F191EDE24,2026-06-09,PK,1,0,0,0.01578671,0,0.014042085,0,0,1,20,20,1
DC7C534569194B729B07B0854170E01F,2026-06-06,ID,1,0,0,0.00812186,0,0,0,0,0,11,11,1
C8CA566063354CD193F6823B88DBFDF0,2026-06-12,US,0,1,1,0.587320617,0,0,0.555624632,14,0,31,30,1
BB4C26B5B7C94F2BB452E30EF4D4B47A,2026-06-12,CA,1,0,0,0.0308996,0,0,0,0,0,8,7,0
4D04642F723041718CD5091009F50FE3,2026-06-12,NO,1,0,0,0.153259842,0,0.113875613,0,0,1,14,13,1
6A75B9B6AA194459BE02BFFFB1E4B307,2026-06-08,US,0,1,1,0.85384854,0,0,0.773886624,9,0,25,24,1
442B7E139936435A8DBD8240FC09027C,2026-06-08,US,0,1,1,0.65473825,0,0.146736526,0.481404953,4,1,19,19,1
30AABBCFFC37414F870FD716C1477EA6,2026-06-11,NG,1,0,0,0.015623163,0,0,0.014128052,2,0,17,17,1
25703ED6C1B145C9B21BB4C3A6AAB3F8,2026-06-06,US,0,1,1,0.0123033,0,0,0,0,0,8,8,0
D7039BC1038246D3B8058AC2A52BE7E4,2026-06-06,US,0,1,1,0.536395565,0,0.110290185,0.383710429,29,3,44,43,1
7B25D146AEE64A04A93172D49629F545,2026-06-07,AT,0,0,0,0.000237007,0,0,0,0,0,9,8,0
FF0D77D0AEBA42E78EE82D35588E929E,2026-06-08,EG,0,0,0,0.017510411,0,0.016680036,0,0,2,15,14,1
1B232D526763450BA069CA7605D96B9E,2026-06-10,PK,0,0,0,0.055002866,0,0.043993957,0.009480455,3,7,32,32,1
88E167FEE4E4401186E8E1C3BAA535B2,2026-06-12,US,0,1,1,0.312521044,0,0,0.2724167,1,0,16,16,1
3A7846455C414CDB9F068AE0F983C76E,2026-06-12,US,0,1,1,11.708156602,0,4.268880322,7.16375684,9,6,27,26,1
917B0154D1124FB4816FC1555792A36E,2026-06-08,TR,1,0,0,5.145607605,0,5,0,0,1,9,8,0
3ACD16B03D264F1BB0FB3F810AB320F0,2026-06-06,GB,0,0,0,0.076516132,0,0.074976974,0,0,1,8,8,0
8D9595AED7284846940765903071D354,2026-06-09,PK,0,0,0,0.000160578,0,0,0,0,0,5,4,0
D05995F359B242539F4FF3F46204BBEB,2026-06-09,PK,1,0,0,0.00024193,0,0,0,0,0,12,11,0
A0828C4C51DA4344A0B5AB10CEDE8C39,2026-06-06,US,0,0,0,5.176981973,0,5,0,0,1,10,9,1
7DACDBA6EDC6457189C7E727F4B42998,2026-06-06,FR,0,0,0,0.310053046,0,0,0.295425605,2,0,16,16,1
757C7E9771F846EC91DD954E79D17079,2026-06-06,US,1,0,0,1.25921717,0,0,1.139718628,1,0,15,15,1
AEA18A7E40F449B8A8B6555E51CB26C1,2026-06-06,PK,1,0,0,0.000012475,0,0,0,0,0,6,5,0
FFC094D9ADD64B5987BD0BF942704AD1,2026-06-06,US,1,0,0,1.566782067,0,0,1.092770358,1,0,15,15,1
30C63E66C8EE405B9997438786B74D56,2026-06-11,EG,0,0,0,0.000281847,0,0,0,0,0,5,5,0
994384240E5B4D848AD652A136EE29D7,2026-06-07,US,0,0,0,0.269005145,0,0.249097316,0,0,1,6,6,0
0BA598A8B87040B99231CC6F9C2F9EC4,2026-06-10,GB,1,0,0,0.006010637,0,0,0,0,0,9,9,0
8CA05B9716044B1AB2979EE43F20848A,2026-06-08,FR,1,1,1,1.6440601,0,0.287322728,1.349424947,89,7,104,104,1
24FFEB978809496BA080746B0A21D7BE,2026-06-08,IT,1,1,1,0.284467507,0,0.08965019,0.185179993,37,8,55,54,1
E9A6B1A5BDA14D44A044EB5E0C5F6EC5,2026-06-10,FR,1,0,0,0.067160365,0,0.050489483,0,0,1,15,14,1
AD9141E391244E238BB4428596BB4109,2026-06-10,BR,1,1,1,0.076137799,0,0.017476164,0.049748329,7,1,31,30,1
60EC0ACBB82C4A039991ED00E8C93C03,2026-06-09,IL,1,1,1,0.261680783,0,0.065684067,0.183958248,11,2,27,26,1
0520296D80E84C93B0131B8ECF2CD25F,2026-06-05,US,0,1,1,1.958734076,0,0,1.924528046,2,0,16,16,1
B9E1C68583D3442B9FB173A63A2AE801,2026-06-08,MO,1,1,1,0.631570135,0,0.246970764,0.326258193,1,1,16,16,1
F97847342DFF48339F4CEA5C279C8587,2026-06-12,JO,0,0,0,4.013960947,0,3.829095947,0,0,1,6,5,0
2036305CB647498B8598FD8CF29E400D,2026-06-08,GB,0,0,0,0.81688304,0,0,0.736487854,1,0,15,15,1
795BA68D9948436687FCB2F7C3E0BEE8,2026-06-12,US,0,0,0,1.883863177,0,0.657522,1.187663063,11,2,25,25,1
7FC40B44DFDF4572BC249D060C6DC8E2,2026-06-12,US,0,1,1,0.714555165,0,0.244830625,0.4568845,25,5,42,41,1
3D9607CC3AA64110890775233BD382EB,2026-06-12,US,0,0,0,2.391636364,0,0,2.278143312,15,0,31,31,1
E82CCD8A8F544609A3120BBF7C613E05,2026-06-09,NG,1,0,0,0.017553868,0,0.017166899,0,0,1,3,2,0
73C17093EEB14566AF1B7EE168DD89B4,2026-06-06,US,1,0,0,0.543709778,0,0,0.473608415,3,0,19,19,1
06113B14E7454AE2B78E5D8722563BC7,2026-06-06,US,0,0,0,0.369486546,0,0,0.342931238,2,0,16,16,1
41941026344446B19B71C2AC71B94112,2026-06-06,US,0,0,0,0.658511732,0,0,0.5595833,1,0,16,16,1
E696BBBB45654A2BADF8F9EADA2E5C85,2026-06-06,PK,0,1,1,0.097430755,0,0,0.090419212,2,0,16,16,1
5F226B2FDF4A456288DC67BE80781F0F,2026-06-12,ES,1,1,1,0.405846796,0,0.04545544,0.355201547,40,5,69,70,1
35516E0910E742388B26E549C5897C4F,2026-06-07,TH,0,0,0,1.334980375,0,0,1.333179681,6,0,20,20,1
FBC95387037840CFB999DC2135CA557C,2026-06-07,US,0,0,0,0.262361631,0,0.243042165,0,0,1,5,5,0
1AB5B44296B242D1865A900870A947CF,2026-06-06,PK,1,1,1,0.086176015,0,0.015206544,0.069880822,28,5,51,51,1
DFEAFB0614784C57A2AC0D8394011F19,2026-06-09,GB,1,1,1,1.568658931,0,0.140371578,1.392670878,24,2,46,45,1
5936A5B7401D4AB5A35FC4A35FFE46DD,2026-06-10,GB,1,0,0,0.00333234,0,0,0,0,0,10,10,1
6033B722966D4A8EB51A8184339E840C,2026-06-10,TW,1,0,0,3.446288376,0,3.436338925,0,0,3,7,7,0
A623335F8EE54EA09C5EC2521A8ED30F,2026-06-05,TR,1,0,0,0,0,0,0,0,0,1,0,0
1372248189BF43698A09C27D8484F4F1,2026-06-05,FR,1,0,0,0.000874401,0,0,0,0,0,1,1,1
794B364591594426B8C86956A31B2F66,2026-06-12,TH,0,0,0,0,0,0,0,0,0,1,0,0
4079992F89B449F487887006D9A47082,2026-06-09,NZ,1,0,0,1.785589511,0,0,1.715905273,3,0,18,18,1
F79F2B4548364AFC80A3952DB5EF01A3,2026-06-09,US,1,0,0,2.454338179,0,2.15652221,0,0,2,16,15,1
D48B5622B13340A4B7972675A6D602FD,2026-06-05,US,0,1,1,0.307079891,0,0.269177063,0,0,1,12,12,1
0EF442F838394BFCA9ED2C1C09E42FDF,2026-06-06,PK,1,1,1,0.013575907,0,0.012625,0,0,1,16,15,1
B442BE7E5FE345439C2E0FCCD4357526,2026-06-10,US,1,0,0,0.949906345,0,0,0.834369751,1,0,15,15,1
97A032AC924C42DDACE2573388EAA520,2026-06-10,US,1,0,0,0,0,0,0,0,0,4,3,0
8BF51144D87344B4ABB59AA5A305C461,2026-06-09,US,0,1,1,0.447888283,0,0,0,0,0,11,11,1
EDAE85BEF3A745A1ACCF7D7556669FE0,2026-06-10,PR,0,0,0,0.102179325,0,0.094256376,0,0,1,12,12,1
D047B642DC4046FB899E7CB1CD814DB6,2026-06-06,PK,1,0,0,0.010406709,0,0.003685983,0.006241157,2,1,19,19,1
F4440E7732C74D639F5C656523F01776,2026-06-08,DE,0,0,0,0.775539428,0,0.339799891,0.421837477,2,2,18,18,1
6C66A9B07FF4447D9FF90489F22487F0,2026-06-08,PK,1,0,0,0.098535659,0,0.09691713,0,0,3,11,10,0
7A1FDEF990C744ADAFCAB0B1300424D8,2026-06-09,CL,0,0,0,0.080209546,0,0.076294494,0,0,2,6,6,0
BF6A7C9010FD439CA4E5D202753DE196,2026-06-06,GB,1,0,0,3.903551439,0,3.879154785,0,0,1,5,5,0
FC717E14FBE541C2A747384150E24A85,2026-06-06,CH,1,0,0,0.915487949,0,0.910033051,0,0,2,7,6,0
0251089353DD4246B08C2A9062D0979F,2026-06-06,DE,0,0,0,0.293430149,0,0,0.284737454,25,0,41,40,1
DB08327A8F55453B94834FEC1D66C495,2026-06-06,FR,1,1,1,0.583490378,0,0,0.550923648,2,0,16,16,1
3B65F52FAC5C432B993A137C9C1C91DC,2026-06-06,PK,1,0,0,0,0,0,0,0,0,1,0,0
6503EC11398B40109C494A9605DE324B,2026-06-11,US,0,1,1,1.852174528,0,0,1.78189917,3,0,17,17,1
DC863C10D4754D4F91500BB72F23E82A,2026-06-11,GB,0,0,0,0,0,0,0,0,0,1,0,0
2FE3EBA6BC4E47EEA0C3D971534EB78B,2026-06-11,US,1,0,0,0.232924044,0,0,0.207863497,6,0,20,20,1
B4576B9D8BD64A2D917EAE8CCE932BA5,2026-06-11,AU,1,1,1,2.101834754,0,1.146716511,0.920265256,2,2,18,18,1
AC0464A99F904DC99CFF53E2CBED8190,2026-06-10,TR,0,0,0,0.624661635,0,0.613715881,0,0,1,14,13,1
88074D508F2148B3B25F0E639BEA310F,2026-06-10,PK,0,0,0,0.000277798,0,0,0,0,0,7,6,0
3B92C0E1278E450F9DCD801556774D95,2026-06-09,CL,1,1,1,0.152415191,0,0,0.14709389,6,0,20,20,1
E802501B92284509B4EA57AC81A93215,2026-06-05,US,0,0,0,0.009171528,0,0,0,0,0,5,4,0
E2EA877AEF994224B6AC79B24B7C4525,2026-06-05,US,1,0,0,0.324811501,0,0,0.296587181,1,0,15,15,1
8D9D55F5985F4C3B8743BA98F8306DD6,2026-06-05,US,0,0,0,0.010714106,0,0,0,0,0,14,14,1
0584B899004F46C9BCC48B09CC07FFFE,2026-06-05,US,0,0,0,0.371805456,0,0,0.336001251,1,0,15,15,1
C3ED7FA4408C4203AC6E0E7AE8217375,2026-06-12,US,0,0,0,0.007152,0,0,0,0,0,2,2,0
42F436641B1E49F5BE21C3201949EF25,2026-06-12,EG,1,0,0,0.000046334,0,0,0,0,0,7,6,0
A68FA13654BE4B0AB22C9D1C68851703,2026-06-12,US,0,0,0,2.248573098,0,0,2.18321167,1,0,15,15,1
78B18D523FD9470C9706B49C709A8DF3,2026-06-06,SN,0,0,0,0,0,0,0,0,0,0,0,0
DB0F9BC81D4E47B4ADC43AF50AC3A0CE,2026-06-06,SN,1,0,0,0,0,0,0,0,0,10,10,1
247FCCF5F3304159B20442651EC1D49C,2026-06-09,PK,1,0,0,0.000440825,0,0,0,0,0,8,7,0
5D09AD6EF4944E27A2874C7925BC4E56,2026-06-06,DE,1,0,0,0.021788586,0,0,0,0,0,17,16,1
983D2EC7DFB74DE2A2DFF2264D182CFB,2026-06-11,US,0,0,0,1.494306,0,0,1.445723389,1,0,15,15,1
A14C95B008704BE3894D32CA598304F3,2026-06-11,US,0,0,0,0.016119979,0,0,0,0,0,13,12,1
E8DE3728D3624781A3F071C8A019A41F,2026-06-11,SN,1,0,0,0,0,0,0,0,0,2,1,0
31742FCD61CB4E9A85B80613CAD9EB42,2026-06-10,PK,0,1,1,0.050833633,0,0.007488142,0.033587621,8,2,64,62,1
E44B1DA832CE4562A968F5E8E2376CAC,2026-06-10,US,0,1,1,2.37074124,0,0,2.237336182,2,0,16,16,1
541C661711044FF08C75291B6131B15F,2026-06-07,AR,0,0,0,0.025619654,0,0,0,0,0,6,6,0
B04BC8A409DF442F8E5B50789183D7E0,2026-06-05,GB,0,0,0,0.080841876,0,0.044893823,0.025904179,1,1,15,15,1
407090A068014B799F4F28BE31427E35,2026-06-06,JP,1,1,1,0.228336342,0,0,0.2020833,1,0,20,20,1
478F4AC4A2C64DC99645DB1EC6182FDC,2026-06-07,PK,1,0,0,0,0,0,0,0,0,31,31,1
FB2DC00BA1804128A805FDD0B28C7830,2026-06-10,US,0,1,1,1.705422831,0,0.504416023,1.15947174,24,9,43,43,1
F65975D43143481386FF21AB56FB9C2C,2026-06-10,US,1,1,1,0.605837338,0,0.315280706,0.27284621,5,4,22,21,1
1B983C2E16AC4738B40A131D7621931A,2026-06-10,PK,1,0,0,0.000344459,0,0,0,0,0,6,5,0
6883A1C03F4147F69ACD0A79E6B09694,2026-06-05,US,1,1,1,1.920932382,0,0,1.847352136,12,0,34,35,1
4A6B4C19BFB140A394BA0F46798CF2E7,2026-06-05,US,1,0,0,5.409776799,0,0,5,1,0,15,15,1
2A760353DAE847BF9A67FE16A19D0D72,2026-06-05,CA,0,0,0,0.00798777,0,0,0,0,0,4,3,0
75B7F1F730104845943BF825F7148E7F,2026-06-05,US,0,0,0,0.023400478,0,0,0,0,0,2,1,0
3F533B8E9B52424598F448D1075A1F08,2026-06-09,US,1,0,0,0.0467279,0,0,0,0,0,5,5,0
BB858EAA96084D9BB48680359F93BA87,2026-06-06,PK,0,0,0,0.025024755,0,0.024828671,0,0,1,5,4,0
5AFCB798A6A444F0AB194659EBC40BC9,2026-06-08,DE,1,0,0,0.501778885,0,0.203004418,0.291647749,20,5,36,35,1
B595FB193AF849909BDED31A47015838,2026-06-06,UZ,0,0,0,0.034595407,0,0,0.032947918,2,0,18,17,1
2CEADF93646B4CAB8A3AEC797DAC8A5E,2026-06-06,GT,0,0,0,0.030041794,0,0.019157839,0.010779073,1,1,19,18,1
61BCF4F77C1949128F920101E47399A0,2026-06-06,US,0,0,0,0.00574075,0,0,0,0,0,4,3,0
63A246BF9BEF4A4A9CCE6DCAB3EF1FF6,2026-06-06,US,0,0,0,0.622703346,0,0,0.577189317,1,0,15,15,1
1818D0D2B7C2495F90F1781692F8EF34,2026-06-06,FR,0,0,0,0.001368342,0,0,0,0,0,10,10,1
223C97E2444C4398953D2EFE3377D1B0,2026-06-06,CA,1,0,0,0.345514152,0,0,0.318301777,1,0,15,15,1
C22CD95D7B3B4038912F955740EA9C5D,2026-06-11,GB,1,0,0,0.799380993,0,0,0.792876665,9,0,23,23,1
E194E8B7BDB24285810D3345A81AE979,2026-06-06,GB,1,1,1,11.305976562,0,0,11.263924101,11,0,27,27,1
BFD650DEAB874184B29DC60C86BE04E3,2026-06-06,US,1,1,1,0.96984562,0,0.508496577,0.381514465,1,1,16,16,1
3C563FC7AA9346818A1BD77578DB8F28,2026-06-10,EG,0,1,1,0.000025562,0,0,0,0,0,9,9,1
FD15E729EADC42B3ABAE520EBB812FB7,2026-06-10,BE,0,0,0,0.120005399,0,0,0.114882709,9,0,24,24,1
3C7231C9AF404D81BF7F8F5315256F98,2026-06-08,TT,1,0,0,0.044025421,0,0,0.040025,1,0,15,15,1
DD31ECD8B0EA4640BD010FBA24DA5D83,2026-06-05,PK,0,1,1,0.00521447,0,0.005163739,0,0,1,6,5,0
DCF89ED3D8784D1A8E1838B39E70317C,2026-06-08,NL,1,1,1,0.07383792,0,0.029129274,0.038188575,1,1,16,16,1
67FF1AC2789441D49204DD831573F0B5,2026-06-06,NL,0,0,0,0.264659793,0,0,0,0,0,15,15,1
326E4B17F77643F3826A664AEAE2E848,2026-06-06,US,0,0,0,0.011175684,0,0,0,0,0,5,4,0
246C7FEDE23B4EBF83194D2C50D290C0,2026-06-12,SN,0,1,1,0.000204744,0,0,0,0,0,0,0,0
99667F924CE74E1696E2473BAABB056A,2026-06-06,US,1,1,1,0.223698076,0,0,0,0,0,8,7,0
92180A24F2B94D389C338A61F3789FB5,2026-06-07,BR,1,1,1,0.234415798,0,0.230138302,0,0,20,24,24,1
FD79755BB0BF4FD9AA1C8CF7DEE64615,2026-06-06,FI,0,1,1,0.465870269,0,0.456888168,0,0,3,7,7,0
F6368070CB064A219A5847DD44499555,2026-06-10,NO,1,1,1,9.61737396,0,4.386887695,5,1,1,16,15,1
C3D33227D00F4FF8A2019EB718582626,2026-06-10,US,0,0,0,1.206796114,0,1.164703857,0,0,1,5,5,0
3D2DF7F1778340F1B0420556A6C21EC5,2026-06-10,US,0,0,0,0.041551304,0,0,0,0,0,5,4,0
2148644A90FF4D6CBB7F88C61B1CB29F,2026-06-08,MX,0,1,1,0.65705824,0,0.647266417,0,0,10,15,15,1
602A32A93811431195FE7337479BB084,2026-06-05,US,1,0,0,0.527132881,0,0.511484,0,0,1,6,5,0
1BAB6C0BFA5B499C8E14636B36FD4197,2026-06-06,US,1,0,0,0.768690964,0,0.759590299,0,0,2,4,3,0
C14B923E79EF4E53974AFEA6DBA36762,2026-06-06,DE,0,1,1,5.267764449,0,5,0,0,1,10,9,0
0BE7865A083D4EE1BD5D92278593E6B1,2026-06-12,US,1,0,0,1.312007159,0,0,1.270019225,30,0,45,45,1
078A49184D8E4A02926C51ABFCA68D90,2026-06-12,SN,0,0,0,0.000843158,0,0,0,0,0,7,6,0
86D854E9DD8248DCA9267DE57925ADD1,2026-06-08,DK,0,0,0,0.041578177,0,0,0.038711559,1,0,16,16,1
6C3FFA8C7FCD4C8CBD1D8099B2D85C59,2026-06-06,US,1,0,0,0.333410824,0,0.330878074,0,0,1,6,5,0
43B5969FB89E44A5B6C80C040F01FB08,2026-06-06,DE,1,1,1,0.039494085,0,0,0,0,0,8,8,0
2B1344E6EAB6489BAF745D68C3A93F9E,2026-06-07,RU,1,0,0,0.020444382,0,0,0.018978029,1,0,26,25,1
55FC8CE4187F465BA29450D6395D0240,2026-06-07,MM,1,0,0,0,0,0,0,0,0,6,6,0
4F3C33B171C14A95A7ED008D069B9724,2026-06-10,UZ,0,0,0,0.078888544,0,0.078220764,0,0,2,16,17,0
99EE5F13808542C49D27B607424DD78B,2026-06-10,SN,1,0,0,0.036280871,0,0,0.03591368,3,0,24,24,1
9E2AD5128D5B413397D497189686AE92,2026-06-09,DE,0,1,1,0.495219356,0,0,0.484331867,35,0,43,42,1
0446CA6AF31A4EFA8455565F90AA4F10,2026-06-10,PK,1,0,0,0.000291661,0,0,0,0,0,11,11,1
56C3A9375FBB48068C107F98C0BD32DC,2026-06-12,PK,1,0,0,0.000034952,0,0,0,0,0,1,0,0
F3E0ADEEAEDF41CA9354759AAF1027AF,2026-06-12,US,1,0,0,0.00330084,0,0,0,0,0,4,3,0
36DDB4885F81434CBEB460F4163509AA,2026-06-08,JP,1,0,0,1.227900198,0,1.215610962,0,0,1,6,5,0
369DCF466AEE47DFA8D5C423802F6907,2026-06-09,JP,1,0,0,0.166728515,0,0,0,0,0,6,5,0
03AC9E43F54D43D5AF85A96B9CE1B34F,2026-06-09,US,0,0,0,0,0,0,0,0,0,54,54,1
C9114FB36A064FE186D5465D88443623,2026-06-09,US,1,0,0,0.681646026,0,0.280047385,0.368465041,14,3,30,30,1
CB895BF121904C4593767E59160035A8,2026-06-06,US,1,0,0,1.015697043,0,0.951462769,0,0,1,12,11,1
BC47E99D713849BE8BACC478B4495C05,2026-06-11,PH,0,0,0,1.104925319,0,1.079542847,0,0,1,10,9,1
783C2149F87C4F308A82D5B2792C1C9B,2026-06-09,DE,0,0,0,0,0,0,0,0,0,0,0,0
BC9092BB9F244BE6B0B130480EC7C4F2,2026-06-06,NL,0,1,1,0.003272077,0,0,0,0,0,5,4,0
4981A14101EA4A999A569179DF186EF8,2026-06-07,PK,1,1,1,0.000328493,0,0,0,0,0,7,6,0
A45E0D311BE249C1AFA9DB1A0650F40F,2026-06-10,VE,0,0,0,0.034751085,0,0,0,0,0,6,5,0
9CEB44D7F7C846258584025B27E52DE3,2026-06-10,DK,0,0,0,0.982107711,0,0,0.964565,1,0,15,15,1
62A9D38353204E2E9BAF31D095CF8948,2026-06-10,US,0,0,0,7.937142814,0,1.52267458,6.319278905,27,3,44,43,1
1A7691C9B2E549FDA049D80F2AC744E4,2026-06-12,SN,0,0,0,0.000149723,0,0,0,0,0,7,7,0
F80FA94035EA4F22B513BEFA4C998679,2026-06-12,DE,0,1,1,4.394355484,0,0.352863998,4.03645964,12,2,29,29,1
F8EEC296FBA64465AA9704E643D2D043,2026-06-12,US,0,0,0,3.050451748,0,2.912137207,0,0,1,8,7,0
F25AB91623EF4125909211FBFE3A28DA,2026-06-09,GB,0,0,0,0.011091394,0,0,0,0,0,18,18,1
99825CF69C264CE797A289F748CCCEE0,2026-06-06,US,0,0,0,5.449856503,0,4.425858398,0,0,1,14,13,1
832EC7ACFF3840569CB38A54C0B09031,2026-06-06,US,0,0,0,1.114477996,0,1.066263695,0,0,3,8,8,0
9893B7B64F5D4D89879BA5B0D9E6A884,2026-06-11,AU,0,0,0,0.003273637,0,0,0,0,0,4,4,0
208D05F3E696440AA9D9AFC19E812516,2026-06-05,SN,1,1,1,0.009188171,0,0,0.009110252,4,0,4,4,1
D28E5B7D34254A47A7909D81C65487BF,2026-06-07,UZ,1,0,0,0.001170741,0,0,0,0,0,7,7,0
6917ABC0E25A44F68B12855C81234068,2026-06-09,US,1,1,1,1.766920409,0,0.576491241,1.071800705,22,4,46,44,1
295172A68EE3408D853DFE732BC4FCAA,2026-06-10,US,0,0,0,0.351285915,0,0,0.3395833,1,0,15,15,1
27701960810541A28FDBB7501347B008,2026-06-09,US,1,1,1,0.701727748,0,0.113399209,0.534147134,19,1,37,38,1
A9165A32469C42178D6062DEF9FBA6FF,2026-06-05,CA,0,0,0,0.342102473,0,0.057748555,0.25290805,5,1,19,19,1
D3F8A5DE6834460996615C2FE13732DD,2026-06-05,CH,1,0,0,5.091754098,0,0,5,1,0,15,15,1
4FDF3674DE9D4E1FA5FC3A72A74EB371,2026-06-08,US,1,0,0,0.226513133,0,0.20025,0,0,1,5,5,0
3C25CCED978747C58707B24A8FDF2625,2026-06-09,GB,0,0,0,0.221112432,0,0,0.20025,1,0,15,15,1
EE218D409FE644439FC739F018201744,2026-06-12,GB,1,0,0,0.006878839,0,0,0,0,0,13,13,1
529431F70AC946C0A01149CAE198954B,2026-06-12,US,0,0,0,0.044480006,0,0.038203804,0,0,1,8,7,0
EEFFDF1BDF974300B40B550DEEAA3C00,2026-06-08,GB,1,1,1,0.054825375,0,0.03731997,0.014931571,1,1,16,15,1
7E4A5ADBDA804EBEA5C53D8D5C7F8624,2026-06-07,US,1,1,1,0.049854547,0,0,0,0,0,13,13,1
A4C5FAFC9FD548A88F538A2E8AF15DC2,2026-06-08,US,0,0,0,1.097328783,0,0,1.0583333,2,0,16,16,1
B671F609BC87435084320477DDB31F74,2026-06-06,PK,0,0,0,0,0,0,0,0,0,3,3,0
AC124B6C2E31488C8030C87CB5CC114E,2026-06-06,CA,0,0,0,4.195524414,0,4.180524414,0,0,1,15,14,1
61D8DEF736D8400A92A42920572FA610,2026-06-07,EG,0,0,0,0.001150105,0,0,0,0,0,9,8,0
F32195C7713242AC95AE920F89B6F1E9,2026-06-07,AF,1,0,0,0.000306178,0,0,0,0,0,6,5,0
769B4A59E10C4014A098B4A0C4058CA0,2026-06-07,US,0,0,0,4.283300314,0,0,4.220962506,5,0,19,19,1
64123704FC584D43B7ABBB4B22A74D5A,2026-06-07,NL,1,1,1,0.089811404,0,0,0,0,0,13,13,1
E108FD120C904C0E9DC76377E96D8E44,2026-06-07,NO,0,0,0,0.015796617,0,0.012716378,0,0,1,8,8,0
20244937E0B24B279E39D89A3C1C4DFB,2026-06-10,PK,1,0,0,0.015238542,0,0.014535,0,0,1,6,6,0
99C6E1816AE64AFCA13939BA6A801339,2026-06-10,PK,1,0,0,0.000044758,0,0,0,0,0,4,3,0
512BDDFF46554178B45D700CD895429B,2026-06-05,US,0,0,0,3.45072675,0,3.226665215,0,0,1,12,11,1
C5497E3C1B1948ADB372425AB22B3367,2026-06-12,JO,0,0,0,4.46605916,0,0,4.14195166,1,0,15,15,1
2AEC71C74D9B46DFB99DF571483BD49D,2026-06-12,PK,0,0,0,0.003754189,0,0,0.003495839,3,0,18,18,1
3927690B5497446DB39084002F47A1CD,2026-06-12,US,1,0,0,0.01664865,0,0,0,0,0,4,3,0
B7B0B325A6C648228195AAAA141D7F03,2026-06-09,TH,1,0,0,0.003259064,0,0,0,0,0,12,12,1
428D16495A4048CFB2E76DD7BB86F9FA,2026-06-05,US,0,1,1,1.188648718,0,0,1.060736328,1,0,16,16,1
79D652FB54F14C63BA262C4139CEB4F7,2026-06-11,IL,0,0,0,0.000150873,0,0,0,0,0,6,6,0
2A01A0AD18D64AD49F192EF58EE55A26,2026-06-07,IL,0,0,0,0.191577352,0,0,0.185080108,6,0,20,20,1
524063B70C574752A992CDB6EFEC4A05,2026-06-06,US,1,1,1,0.600851598,0,0.470946483,0,0,2,18,17,1
5E8D3B52136540489A5F6BA34125C31B,2026-06-10,GB,1,0,0,2.525187215,0,0,2.470038925,2,0,22,22,1
FC70B59FCA0E48DC82EE5C73E98C0878,2026-06-05,GB,1,0,0,0,0,0,0,0,0,1,1,0
BBBA47FDE4EB407A87E1B9E044244C00,2026-06-09,US,0,0,0,0.601178803,0,0.50125,0,0,1,6,5,0
085660FDF20A4794A82D111BA7AAEE48,2026-06-12,US,0,0,0,2.526440521,0,0,2.441275511,7,0,22,22,1
61275B79A2694B43B4AE9699DD91A796,2026-06-08,US,1,0,0,0.063359459,0,0,0,0,0,13,13,1
6D3E03388E95465D8101E7BF69A3F472,2026-06-08,BR,1,0,0,0.0006987,0,0,0,0,0,3,2,0
5B3A668B7BD04F798C18B38221880CCC,2026-06-08,US,0,0,0,0.533145332,0,0,0.511561266,5,0,20,19,1
7B87037577434203910A338C86C0DCD8,2026-06-09,MX,1,0,0,0.046473958,0,0.045226664,0,0,2,6,6,0
F8CD5CC5D5994D1FAC4E0FB559E1EC1C,2026-06-09,US,0,0,0,0.139662119,0,0,0,0,0,14,13,1
C47867D19BB2414D9238C3222D2327AF,2026-06-06,EG,0,0,0,0.018235173,0,0.017591363,0,0,1,10,9,0
AFB1FB863B4343AB848563B93F4BEF42,2026-06-06,US,0,0,0,4.427109319,0,0,3.938964355,1,0,16,16,1
5B71B3FBD58B44B1BD2B3093E39D66FD,2026-06-06,US,1,0,0,0.531530444,0,0.5020833,0,0,1,7,6,0
1D4AB51BB54847018A9C46B191E17AF6,2026-06-10,FR,0,1,1,0.219505767,0,0.012325,0.191098874,16,1,37,36,1
60FDB51182DB4D07BF44444C3AF45DA0,2026-06-11,AU,0,0,0,1.19553095,0,0.200131871,0.976122997,28,2,45,44,1
50F222B734054C409BE9EBF68A0CAAFC,2026-06-12,US,0,1,1,2.064239495,0,1.251615327,0.658384123,2,3,17,17,1
A89DE4729B594B0D94A975DC23612A9A,2026-06-07,US,0,0,0,1.150632685,0,0,1.069530029,1,0,15,15,1
EB80C7BD9C2140479FE00154EFA3438F,2026-06-07,GR,1,0,0,2.80575392,0,0,2.698173796,2,0,16,16,1
2E5DFCE22BB840458DBDC8D64F5204B2,2026-06-06,DE,0,1,1,0.831150861,0,0.238024603,0.578719284,17,4,34,34,1
C589E63BD5FA4079A903F69977D8FB76,2026-06-05,AO,1,0,0,0.015576055,0,0.012985,0,0,1,17,16,0
7C4907F6DEC74D6F805D7EFE917C964C,2026-06-12,GB,0,0,0,0.000497175,0,0,0,0,0,9,9,0
548C3D73B21F42D491024A865FE4A2C5,2026-06-12,MM,0,1,1,0.000292333,0,0,0,0,0,24,24,1
2120A9E3AE544434BC492B911D0E9D36,2026-06-08,GU,0,0,0,0.142372589,0,0.1402083,0,0,1,5,5,0
D807DE12933C478993E251012C194174,2026-06-08,GB,0,0,0,0.100775248,0,0,0,0,0,13,12,1
17DE2E929CCF4B52969A742D2CCF8EE7,2026-06-09,DE,0,0,0,0.185652005,0,0.162671453,0,0,1,13,13,1
344B18338E5E43BD9CF93762BF07BCE6,2026-06-09,US,1,0,0,0.343151101,0,0.1312917,0.1899167,1,1,16,15,1
BD6D12AA1F2D421FBEB9AD34A5F3C64A,2026-06-06,GB,1,0,0,1.646405177,0,0,1.5211111,1,0,17,17,1
BB4ACD6F4252430EB930089DD4A315C3,2026-06-05,US,1,1,1,1.376862194,0,0,1.230514988,8,0,23,22,1
67F64AD7BE6B41CDBC8DD687CAA3188B,2026-06-11,US,1,0,0,0.204907726,0,0.190105456,0,0,1,6,5,0
C8DBB36E141F4208A3E8210AFF778129,2026-06-11,PK,1,0,0,0,0,0,0,0,0,3,3,0
B6B661C19F9C412ABAF0E612DA6FA275,2026-06-07,EG,1,0,0,0.000379128,0,0,0,0,0,4,3,0
F29939A0746C46BBB36A28735B484406,2026-06-07,US,0,0,0,4.333040984,0,4.317613281,0,0,1,10,10,1
E8DC005B451442678581965E68FB5371,2026-06-08,DE,0,1,1,0.420202333,0,0.083761924,0.32437828,59,6,77,76,1
B0DFCF42BF4A42A7B71A879A52247981,2026-06-11,JP,0,1,1,0.166256399,0,0,0.165112218,10,0,27,26,1
07090E0EEF994CD7AC7C05207B183B71,2026-06-12,US,1,1,1,2.895118156,0,0.126747837,2.687438649,100,5,114,114,1
301DF8412EB4418791DE10EA751E9F68,2026-06-09,GB,0,0,0,5.069820958,0,5,0,0,1,11,11,1
F045E5C36B394C8C867974506DABC753,2026-06-06,MY,0,0,0,3.42155316,0,0,3.387515185,2,0,17,17,1
6B5E5FDD672249C6B6E3ADEBB62AB5F6,2026-06-06,EG,0,0,0,0.010783217,0,0.010610526,0,0,1,11,11,1
988F4D7A1BFF45D3941852FFEB44F5F2,2026-06-11,UZ,1,0,0,0.000721739,0,0,0,0,0,6,6,0
4387BB569DE442E29C16F6DC3DDD8282,2026-06-06,MU,0,1,1,0.056869625,0,0,0.053283884,2,0,16,16,1
287D70FAF1A248BBBE3495C4993DB836,2026-06-07,JP,0,0,0,0.001892436,0,0,0,0,0,10,10,1
5D003FAD88EC45FFA8B3D0DFEE5B50D1,2026-06-12,US,1,1,1,0.826815112,0,0.552474137,0.203707748,1,2,16,16,1
650F69D339594724B55FEC61F62FDE30,2026-06-09,US,1,0,0,0.03266602,0,0,0,0,0,10,10,1
B51360F25D7A49F28C5CC9F90B251D87,2026-06-12,US,1,0,0,0.010341559,0,0,0,0,0,7,6,0
26349220EF964002889336D1CBA9F6E4,2026-06-08,DE,0,0,0,0.470336257,0,0,0.443527039,1,0,16,16,1
F09AC825E9C7473DBFD5ACE9DA612530,2026-06-09,ZA,1,1,1,0.311428791,0,0.169689536,0.13901986,19,18,37,36,1
C209BC93BC554943897C68FB1243AD2D,2026-06-06,SA,1,0,0,1.244276973,0,1.2033333,0,0,1,9,9,0
E8460F111E1246029EF4A9D5EE6BB477,2026-06-07,US,1,0,0,0.370656333,0,0,0,0,0,9,9,0
BEE9382FB48543B7B9FEAB8DDC3EA7C8,2026-06-07,PK,1,0,0,0.216567832,0,0,0,0,0,18,17,1
35A174F50B91417584141C40BB573109,2026-06-09,IE,0,1,1,0.082669063,0,0.050210273,0.025774083,3,3,19,19,1
0C12CB9B735942BDBD888FAA0ECC9ABF,2026-06-10,DE,0,1,1,3.397883582,0,0.405875977,2.974756916,13,1,28,28,1
BD7B568D01E64444BB5B96C963B1E8DE,2026-06-12,US,0,1,1,0.796646045,0,0,0,0,0,15,15,1
32B48DB49FE04268AADADB5207C216B0,2026-06-12,US,0,0,0,0.256304799,0,0,0.242718369,3,0,20,20,1
5BEB9547C9064FD591400A61FCD2DA86,2026-06-11,GB,1,1,1,0.457328267,0,0.071368344,0.37933729,22,3,38,38,1
6ED4DB20AEFD42E686DAEDE477A0024B,2026-06-09,SZ,1,0,0,0.094441391,0,0,0.092696829,32,0,50,49,1
07C9555F28244F86BFBF86AB581D475B,2026-06-06,CA,1,0,0,1.482818651,0,1.411252075,0,0,1,5,5,0
CED9530FE3D344C99F8A18DB1AB65671,2026-06-06,GB,0,0,0,1.134630572,0,1.099714966,0,0,1,15,14,1
6AE7C57E72EF4F28A44EA9372EC1BC7F,2026-06-06,CA,0,0,0,0.037802699,0,0,0,0,0,9,9,0
72AED94310D34222A6BCE32233FE68BC,2026-06-06,US,0,1,1,2.954213913,0,1.328646394,1.450282156,28,23,62,62,1
3675C47E43A24623B7D21749D0A5B143,2026-06-06,PK,0,1,1,0.008715485,0,0.008526942,0,0,1,2,3,0
8D95643454E44A89998082113D83AB05,2026-06-07,PK,1,0,0,0.000167128,0,0,0,0,0,9,8,0
4BBDF130BF6E4172B711E8770C6727B5,2026-06-07,PK,1,0,0,0.01569808,0,0.015577844,0,0,1,8,7,0
809D1A3B2813448B809E0638797CFAEB,2026-06-06,AU,0,1,1,1.668434239,0,0,1.646354841,14,0,31,31,1
4D9E01E392684728831F4FD2D88F8628,2026-06-05,AT,0,0,0,0.071313335,0,0,0.06787768,2,0,17,17,1
F01A1A834B734D17A01BA0FB6A18B4E3,2026-06-12,PK,0,1,1,0.000396967,0,0,0,0,0,11,10,0
C3C37F16F871402FB134D00698E4AF8B,2026-06-12,US,1,1,1,1.097983707,0,0,0.999927414,6,0,20,20,1
2D5A66D7DCDA4C109017B3D187AEFB3B,2026-06-08,US,1,0,0,0.630720035,0,0,0,0,0,9,8,0
75E6AD51CEFB4CBF93E3844A60DE1D94,2026-06-09,JP,0,0,0,0.01045475,0,0,0,0,0,8,7,0
3E45FFA3B49B4AA78468C4A64FB2FDBC,2026-06-09,EG,0,1,1,0.000090845,0,0,0,0,0,2,1,0
194610D743E94E1C97F8CD1A0C2FD66D,2026-06-07,JP,1,0,0,0.007229727,0,0,0,0,0,9,9,0
F9BF741D207C42E1BAB285F8719D3FF3,2026-06-10,CH,0,1,1,0.192181585,0,0.030558138,0.155155751,12,1,28,28,1
72E0D1722D714D25A3F5BBC8B2E1D61B,2026-06-10,CA,0,0,0,0.541393124,0,0.345133411,0.182343376,1,1,16,16,1
6C7AC634A456435293DB282B1F0CD28D,2026-06-10,TW,0,0,0,6.318939474,0,3.5817708,2.721867981,3,5,21,21,1
C35A1D85A780428AB02A32CAB0D5F262,2026-06-12,EG,1,1,1,0.001542542,0,0,0,0,0,12,11,0
E9A3289CAA71444E95663A0993050BF5,2026-06-08,CA,1,0,0,0.066403278,0,0,0.056546604,1,0,15,15,1
C31C176ECB0A418C966C2A42747877CB,2026-06-09,US,0,0,0,1.39857831,0,0,1.388753095,2,0,17,17,1
C668719FFAB64A919938FAFDF736B93A,2026-06-06,US,1,0,0,0.338582544,0,0,0,0,0,15,14,1
E8640FAE041E456DB7659F4D9BD47575,2026-06-11,US,0,0,0,0.412518711,0,0.400875,0,0,1,10,9,1
F16672DEF967476CA182A1D70A78CF1E,2026-06-07,US,0,0,0,0.0044128,0,0,0,0,0,4,3,0
337D757110494C50A0747E7324E57AC4,2026-06-05,GB,0,1,1,0.109890886,0,0,0.100699068,7,0,23,22,1
56E311DBC95B4AFDA95BB30A7490AB05,2026-06-07,GB,1,1,1,1.154539861,0,0,1.130324471,12,0,26,26,1
F8B00D2320CF4661B03BE1829A9F6CB6,2026-06-07,NL,1,0,0,6.824652909,0,0,5,1,0,15,15,1
B045721009C14A08BAEF78D7C2A865B6,2026-06-06,CL,0,1,1,0.211062497,0,0.079107413,0.127966052,2,1,17,17,1
DBFC60F54CFC4D9C8BB306EAA3E22E73,2026-06-06,UZ,1,0,0,0.000621397,0,0,0,0,0,4,4,0
64856A24FAEA4F5393A0EAC27EE6253C,2026-06-10,US,0,1,1,0.932618478,0,0,0.897880051,4,0,19,19,1
AF2DECD8553741B8AD00EA233572973A,2026-06-10,US,1,0,0,0.026284506,0,0,0,0,0,10,9,1
CAA62023E8E54362AFB3C5E5E223E9C7,2026-06-09,BR,1,1,1,0.069256985,0,0.069256985,0,0,1,2,1,0
C9BE0F564B3641ED9ACD1872F4BDFCF7,2026-06-05,US,0,0,0,1.001881758,0,0.642581774,0.304215942,1,2,15,15,1
F31778BE63D04683AA11BE130E185BD8,2026-06-12,PK,0,0,0,0.019001068,0,0.009829861,0.003345153,2,2,28,28,1
F9124266B09E4477AFB984EEB0F99095,2026-06-08,CO,0,0,0,0.007799557,0,0,0,0,0,6,5,0
76D2480618C14ED08B250A5B4202A3D4,2026-06-08,US,1,0,0,0.011398476,0,0,0,0,0,4,3,0
59BB5A4F4E7E48468670F36AF510CB55,2026-06-06,JP,1,0,0,5.077179372,0,5,0,0,1,5,5,0
27CB53FC14EC447D97ADCD17147DDE98,2026-06-06,BE,1,0,0,0.004182562,0,0,0,0,0,7,6,0
84AAD1C8BFA34DDDA790B94F2E2BA500,2026-06-11,US,1,0,0,0.014713008,0,0,0,0,0,7,6,0
EBB0F0FC3670418090CCE642C166D764,2026-06-07,EG,0,0,0,0.000420384,0,0,0,0,0,11,12,1
FC2C6E1E4AA548C790F10D96AF7EDA13,2026-06-06,MX,0,1,1,0.170544838,0,0.153259911,0,0,2,10,10,1
2B97E9A4B76144FDA468FFC02621CDFA,2026-06-07,BR,0,0,0,0.056104052,0,0,0.050242549,2,0,16,16,1
B3043181CAC94159880613C72EBB6A3A,2026-06-06,TW,0,1,1,0.628270269,0,0,0.592779659,32,0,50,49,1
ADB59B37FC304A6EB44C98ADD72ACEE0,2026-06-10,US,0,0,0,1.681361118,0,0,1.5077778,1,0,15,15,1
8DCA0DB1D6F94D98A305845D53CF1FBA,2026-06-10,EG,1,0,0,0.860579567,0,0.848465332,0,0,1,5,5,0
EAEDCB1938CD4DA69CDD9BB952AAB4DB,2026-06-05,US,1,1,1,7.5565046,0,0,7.225960642,7,0,22,21,1
2A1B450018EE4FB38F92BB1463C41F59,2026-06-12,FR,1,0,0,0.008357336,0,0,0.006779146,1,0,13,12,1
C2056520DD04479988398F3053159F23,2026-06-12,CA,0,1,1,0.948439712,0,0,0.925679732,19,0,33,33,1
D1176AFEF067454FA4E0B0E3C98875CF,2026-06-08,US,1,1,1,3.026923779,0,1.6544444,1.234293213,1,1,17,16,1
5BD1B0ED3E354252AB25A99E23A12409,2026-06-07,KH,1,1,1,0.038802965,0,0.008,0.030138819,8,2,24,24,1
652BA3B9069A4F26AADFB57E095817EF,2026-06-07,US,1,1,1,0.179983212,0,0,0,0,0,12,12,1
43919FE0C0B34EB2B587D8267DE4BEEB,2026-06-09,US,1,0,0,0.013249642,0,0,0,0,0,4,3,0
874A31E448B246D49FD70FED33E70500,2026-06-09,BE,0,0,0,0.733509939,0,0,0,0,0,8,7,0
C93A324ACF014339AF928FC030FF0D10,2026-06-06,US,1,1,1,0.209313079,0,0.174435863,0,0,1,12,11,1
66C3F7A384DB4F6C819B8C6D1E0D9BA6,2026-06-06,GB,1,1,1,1.683929204,0,0,1.644504639,1,0,15,15,1
DF4F6F9CC14A4D619C3639225FA25A62,2026-06-06,ZA,1,0,0,0.049941822,0,0.047475,0,0,1,6,5,0
DD1979D6366F4438AB01EA7BE81C09AD,2026-06-06,JP,1,0,0,0.331706615,0,0.318798296,0,0,1,9,9,0
BA3F074AA5BC4A248A639684CE36CB82,2026-06-07,GB,1,1,1,0.875793343,0,0.669294904,0.180168182,1,3,21,21,1
DAE5341825E0465B975FA9053B2E518D,2026-06-07,US,1,0,0,0.852776529,0,0,0.819998356,1,0,15,15,1
507649D4DD0746BBBF5886373F749A2D,2026-06-05,PE,1,0,0,2.789234558,0,0.335200909,2.407297973,6,1,21,21,1
F86CD1E5E6B5405C81E95EC64CCF726D,2026-06-06,EC,1,1,1,0.224307486,0,0,0.216546196,3,0,17,17,1
819526DB40434F3D9F25CD4315DF7597,2026-06-07,PK,0,0,0,0.008838473,0,0.008276721,0,0,2,22,22,1
45486D14EE6347999A5B689EE61C7CAA,2026-06-07,PK,1,1,1,0.000340728,0,0,0,0,0,12,12,0
862D197A9FF344558F5DFC4BCFF0CC4F,2026-06-07,MM,1,0,0,0.001269955,0,0,0,0,0,10,9,0
7D3CD2EF4E864F50BB7FFB2AED146432,2026-06-07,US,1,0,0,0.279364354,0,0,0.240662849,3,0,17,17,1
75857F807FC445959488649D4125D189,2026-06-08,RU,0,1,1,0.3488262,0,0.096511002,0.249316069,28,18,49,50,1
CA6ABEB8F4A34DCD9268613EA504C85D,2026-06-10,US,0,0,0,0.817865896,0,0,0.720481598,4,0,20,20,1
25463E859A4B4D0EB2736AFA7CB8D14C,2026-06-09,CA,0,1,1,0.543808636,0,0.243365822,0.285555692,10,2,27,26,1
279062A199F4443E9DA5F1B6882BA4E8,2026-06-05,US,0,0,0,0.014085669,0,0,0,0,0,8,7,0
8F8D53B49498422D9AACE82BEA57D8D9,2026-06-05,GB,0,0,0,0,0,0,0,0,0,11,11,1
2560C45B8E634D768EBF5436B1A1325E,2026-06-11,SG,0,1,1,0.23485449,0,0.062250534,0.149237713,4,1,20,20,1
D955FB56DEE24BBEAC7209290EA57580,2026-06-08,SN,1,0,0,0.000280369,0,0,0,0,0,10,10,0
6DAF04E067574CC2A0E795E0CB4EC9D5,2026-06-08,GB,0,0,0,0.799686411,0,0,0.790518822,10,0,25,25,1
F255B9ABDA8249B5A78AF03DC6CA4363,2026-06-06,DO,1,1,1,0.411939916,0,0.364535157,0,0,1,15,14,1
B27BD208CCB447FBACFA9E6F92AC32B8,2026-06-11,US,1,1,1,0.530999052,0,0.136913695,0.367608439,8,2,25,24,1
D87A3A58E3C04F6382C59501019E185C,2026-06-11,US,1,1,1,2.646487047,0,1.189035737,1.401153467,4,4,22,22,1
80547949E2A348FFBB803659F4C74C46,2026-06-08,TW,0,0,0,10.128382141,0,0,9.901373064,8,0,24,24,1
B512C6F369E34966AE5A49F73DA6F51B,2026-06-08,AU,1,0,0,4.29394794,0,4.137835449,0,0,1,6,6,0
ABAE031F8BB64DEBAE1766740A983069,2026-06-06,AU,0,1,1,1.153825097,0,0,1.10438471,29,0,50,47,1
2FFDCFBC56B547CEA9C9A9BBE1D1FCA1,2026-06-06,AU,1,0,0,4.599313701,0,0.952380524,2.990308822,2,1,19,18,1
58811E2231354FF38E8363A3906051DC,2026-06-11,DE,1,0,0,0.039028652,0,0,0.034972561,1,0,15,15,1
FEE259938F6D4149A7CD0F468E85A747,2026-06-11,US,1,0,0,0.165383042,0,0,0.143625,1,0,15,15,1
4097C2D05B0041DE88B1D5071269E823,2026-06-12,MM,0,1,1,0,0,0,0,0,0,9,8,0
DEC76262358C49158A22B1B231D0C27A,2026-06-07,US,0,0,0,0.044795883,0,0,0,0,0,10,9,1
53FF46B4C21C4617B5A634CE6117838B,2026-06-05,MX,0,1,1,4.532250413,0,0,4.503226267,39,0,58,57,1
3EC4DDCDACB74F7198B5D31AFCDCFF90,2026-06-10,IL,1,0,0,0,0,0,0,0,0,1,0,0
4159B6F3F88F4233B5163D82615FBE8A,2026-06-10,FR,0,0,0,1.150907912,0,1.119402832,0,0,1,5,5,0
0DE0683413544DBF9D44779F11297AE5,2026-06-06,US,0,1,1,0.029889302,0,0,0,0,0,12,11,1
191E60EA24614BAE8A974C29CA950B80,2026-06-09,DK,1,1,1,22.485224332,0,4.166780152,18.283499545,18,3,35,35,1
C8B4158AED6A4D929CE3B0B070E6C328,2026-06-08,EG,1,1,1,0.000537601,0,0,0,0,0,9,8,0
60D0438D013944739BEB41A98489D180,2026-06-09,NL,1,1,1,0.049393357,0,0,0.047079142,2,0,16,16,1
C0689B4F45F4420A8ED338EC8FAA66C8,2026-06-06,CA,0,1,1,1.796262252,0,1.015768982,0.710575857,1,1,15,15,1
066E3B37968A44C29DB0FDB2FE7D99E4,2026-06-06,IL,1,0,0,0.01161225,0,0,0,0,0,1,0,0
815E8FF27F8D4AAD96F6EBB9C8B73AD4,2026-06-10,US,1,1,1,5.138153846,0,2.291749756,2.73945343,3,2,20,20,1
F8BE060AAF6D4255AA6ED3E1F8D84A36,2026-06-11,GB,1,0,0,0.09249256,0,0,0,0,0,5,4,0
15AC2FEF78564BC7B29D0B67AF0FF5F3,2026-06-10,EG,1,1,1,0.021791309,0,0.021525,0,0,1,21,21,1
FC0F242DFDF5421C87C11D8C04A237CD,2026-06-11,AU,1,1,1,0.455664932,0,0,0.39825616,12,0,27,27,1
5F31E107A8624BC9939141B5F93948F9,2026-06-07,EG,0,0,0,0.001319049,0,0,0,0,0,7,6,0
42516B3C43E944D1B0D20E9E671E1D6B,2026-06-06,BJ,0,1,1,0.000065798,0,0,0,0,0,21,21,1
BD3D6822933D410DB00015C2DA99A35D,2026-06-07,US,0,1,1,0.5407898,0,0.133170057,0.371025213,5,1,19,19,1
1BC0F5B4EDDE43919156768211F28235,2026-06-07,PK,0,0,0,0.000076273,0,0,0,0,0,6,6,0
828F5F970A894BBB9D780BC4A4F01CDB,2026-06-05,US,1,1,1,0.524606808,0,0.450535614,0,0,1,17,17,1
C74C857A7525449B8944E0BBC0848E32,2026-06-06,DE,0,1,1,0.04815611,0,0,0.047700729,1,0,4,4,1
92D6CE635FA54B34942921E59D19A95C,2026-06-05,US,1,1,1,0.876338195,0,0.112992262,0.640611297,12,1,29,29,1
325ABA7D143743D58902BBF9E675B2B7,2026-06-07,PK,0,0,0,0.006837727,0,0.006355754,0,0,1,6,5,0
D3B97CE422B745D6BAA178AB1D934DED,2026-06-07,MM,1,0,0,0,0,0,0,0,0,5,5,0
3525D3B70DE54210AFE1A4154352174C,2026-06-09,JP,0,1,1,0.002100371,0,0,0,0,0,9,9,0
AC1FE4F91052422C87FB0E5C323E232B,2026-06-10,US,1,0,0,2.162356852,0,1.986499268,0,0,1,12,12,1
5304426E2EDB4E089D8F988E3F834EEB,2026-06-10,CA,1,1,1,0.874438646,0,0.225122238,0.640509781,3,1,17,17,1
2A6F74DD03824DFFAF3ED83B0B285EFF,2026-06-11,EG,1,1,1,0.059473309,0,0.037748992,0.021360297,12,13,31,31,1
A6984C2106C44A5CA4E7189303E1E9DE,2026-06-09,GB,1,0,0,0.009212454,0,0,0,0,0,13,13,1
531FBC0E609A45FCB467602AC8E37C4E,2026-06-12,BR,1,1,1,0.148577621,0,0.055655285,0.082160447,2,2,16,16,1
ACD170B10CA64FE3A5743C60B48687E0,2026-06-08,CA,0,0,0,2.140862117,0,2.0077778,0,0,1,9,9,0
77721BABB7BB4FAE9A1337811E1E0B0F,2026-06-08,US,0,0,0,1.938250991,0,0,1.856570768,2,0,16,16,1
271887F3587F43A5B958B5355AFF4E0B,2026-06-07,SN,0,1,1,0.005611518,0,0,0.004844453,2,0,19,19,1
8D1BB1B3CB27491EBF151227A8529F25,2026-06-06,US,0,0,0,1.188917624,0,1.0766667,0,0,1,11,11,1
B0D04BCCFFEE4C1BB8B177ED8D0E6BE5,2026-06-11,DE,0,0,0,0.128741924,0,0.023456771,0.085088333,8,1,23,23,1
6C1BC95319DD4B0FA4F894564EF3F8DB,2026-06-10,GB,0,1,1,0.961397174,0,0.149780713,0.759585068,17,1,41,40,1
86F0B04C1A4D4FE7BF6C9696B1D4FB08,2026-06-10,PK,1,1,1,0.000346916,0,0,0,0,0,17,16,1
BCE4342E47B04BB88B4B5CDA3062488C,2026-06-10,US,1,1,1,0.005114388,0,0,0,0,0,10,10,0
C70BED290DDD45B3A00494D457E22F5A,2026-06-10,EG,0,0,0,0.008404909,0,0.006945993,0,0,1,19,20,1
EC9AA8B4644F4C8AAFEEEF23C34F5407,2026-06-10,EG,0,0,0,0.000140321,0,0,0,0,0,9,9,0
F5ADC76F86F6463FB418482457B1D658,2026-06-10,CH,0,1,1,0.36682907,0,0.15575,0.150181316,1,1,16,15,1
2A0F44B47BE642E8974D1148E98907C2,2026-06-12,SN,0,0,0,0.039241089,0,0,0.038799305,7,0,22,22,1
6DE1F0181F22495F95BD45742E6440D3,2026-06-12,US,0,1,1,0.71509709,0,0,0.62395575,4,0,19,19,1
A68F00887C634E71A5CFC3A8523250AD,2026-06-12,JP,1,0,0,0.931431025,0,0.885239678,0.039795033,1,16,22,22,1
E3DF30C3982747418D080E17C0534463,2026-06-12,US,0,0,0,0.342655952,0,0,0.3080833,1,0,15,15,1
54A59FB521914D8E9BD366912E197586,2026-06-06,US,0,0,0,0.552834039,0,0.519000006,0,0,2,8,7,0
9D97A733C4E1465C80283CBA06859E5E,2026-06-08,ID,1,0,0,0.932299472,0,0,0.890053284,1,0,20,20,1
B4BA341C54E947C38A0EC282F99002FC,2026-06-08,PK,1,0,0,0,0,0,0,0,0,2,1,0
ECB40C7203184399A09D12B5E2CE752C,2026-06-08,US,1,1,1,0.945665735,0,0.146417661,0.685179854,24,1,42,41,1
823B0E2AE2B24B198DBF89810632DF8A,2026-06-06,CH,0,0,0,0.305375948,0,0.148500549,0.15441054,2,1,16,16,1
414FD25C0C7D46E6A47B657BF97B36EB,2026-06-11,EG,1,0,0,0.007426182,0,0.007241679,0,0,1,15,15,0
64DBB0FDB486419CB66A8D0980B3C6C0,2026-06-06,US,1,1,1,0.598073129,0,0,0.531389642,5,0,20,20,1
E15A50D9E8BC42BD9C9B5E64904114AC,2026-06-07,PK,0,0,0,0.0000749,0,0,0,0,0,1,0,0
D72AE47D445B469189E153D76F40A281,2026-06-10,SG,1,0,0,15.751796789,0,0,15,3,0,17,17,1
AC52D94701D942A5896333E93A00804C,2026-06-10,EG,0,0,0,0.000031092,0,0,0,0,0,4,3,0
414CE51B7D4D481BADC8190B9CD798E5,2026-06-10,DE,1,1,1,0.000667345,0,0,0,0,0,7,6,0
CF0FC11DDF9A4768B77168B10EA2CB54,2026-06-10,US,0,0,0,1.0075833,0,0,0.9995833,1,0,15,15,1
6815B922EB704EEDA86C77CBAE668C16,2026-06-10,US,1,0,0,1.694154709,0,0,1.543347656,1,0,20,20,1
A2113B4953944800B5B2106929C3D84D,2026-06-08,US,0,0,0,0.549251749,0,0,0.462268406,1,0,15,15,1
E147BA85898F4C92AAAE70F3A486037C,2026-06-08,US,0,0,0,0.023,0,0,0,0,0,4,3,0
D873BE8A12D14238B10C2B2C44BDCD9B,2026-06-08,GB,1,0,0,5.213626305,0,5,0,0,1,8,8,0
72543146C3FC45FEA44E030671A8A238,2026-06-08,AU,1,0,0,0.234781026,0,0,0.203630964,1,0,17,17,1
9985E4C4513143CD89FEB165A1EA2BDF,2026-06-08,US,1,0,0,0.608602346,0,0.49594469,0,0,1,10,9,1
9BC28012A65E46CC8B9589831554E3B9,2026-06-05,US,1,1,1,0.977048045,0,0.212142864,0.656583925,11,2,35,35,1
37B19403C39E478CA0DA5835792CA597,2026-06-05,MX,1,1,1,2.904341694,0,0.230236389,2.618326253,26,1,42,41,1
989A0BBEA5BD47DEA42D9B56127A5412,2026-06-06,SE,1,0,0,1.281332199,0,0.618344666,0.573545593,1,1,16,16,1
A90C920892234C1CA943A7395FA3A062,2026-06-11,SN,0,0,0,0,0,0,0,0,0,2,1,0
2035F9A8056A4D43B48E07EA02E8A3B1,2026-06-06,UZ,1,1,1,0.041385937,0,0.033325,0,0,1,16,16,0
FEDD468C82C74F3088453BBE327AB9A9,2026-06-07,EG,0,1,1,0.000798467,0,0,0,0,0,17,16,1
0A2FFC263E5B466CB82F46317774B6D8,2026-06-07,RU,0,1,1,0.33613577,0,0.100749478,0.234598309,5,2,22,21,1
11FCCF82E5DD445790FFF29746F7B962,2026-06-10,GH,0,0,0,0.013217977,0,0,0.012755,1,0,15,15,1
7CE1D7340B2F47A3B37063EB805EE589,2026-06-10,US,0,1,1,0.239924602,0,0,0.1970833,3,0,25,25,1
1C9AF4AD7D904A419A01E6D96296D23C,2026-06-05,US,0,0,0,0.029779153,0,0,0,0,0,10,9,1
3483AD4283B84987BA001A94608E5557,2026-06-09,PL,0,0,0,0.018685651,0,0,0.013712972,1,0,15,15,1
9A835D2D4559431BBC4A7F368CF96A22,2026-06-12,US,0,0,0,0.016801268,0,0,0,0,0,3,3,0
8FF003C0C77B419F9153267F8314129B,2026-06-12,PK,1,0,0,0.000275486,0,0,0,0,0,6,5,0
F89A46D71D204517B246566FB0AE9734,2026-06-08,IT,0,1,1,0.07338391,0,0,0.068193189,18,0,35,35,1
FB0225D9DCC04890996EFA1779E97171,2026-06-08,BR,1,0,0,0,0,0,0,0,0,2,1,0
13CB62448A4646E8A88378F92079317B,2026-06-08,US,1,1,1,2.232103234,0,0,2.112294375,2,0,16,16,1
BF8BAFECC70C431DBDC1E75132C8A43D,2026-06-08,CL,0,0,0,0.030875963,0,0,0.027022146,2,0,16,16,1
36F666CFC85542CD967890AA9CB6CA8C,2026-06-09,GB,0,0,0,4.280362102,0,0.792226399,3.479582274,9,1,25,24,1
0F128F7EA584420BB5B33013B1268907,2026-06-09,US,1,0,0,1.938000496,0,0.657554418,1.242464949,3,1,18,17,1
DA5EA814AC5F47BA8C8BBF0C668D0BEB,2026-06-06,AU,1,0,0,0.109868745,0,0,0.104168358,2,0,16,16,1
95B43CF255F545A1879EECD3C6EF3333,2026-06-06,NO,1,1,1,1.388715262,0,0.6965833,0.623850647,2,3,24,24,1
A3950CDF95FA4CEE9A08E274C5F7A6E6,2026-06-12,EG,1,1,1,0,0,0,0,0,0,36,36,1
9EF91E3731654A56B02D453779BB4868,2026-06-07,PK,1,1,1,0.020263914,0,0.017652903,0,0,1,15,14,0
2B0D3AAB5FBF4D0B97CE50E8867FA31B,2026-06-07,PK,1,1,1,2.038270395,0,0,2.009659607,3,0,9,7,1
844EB2385B5246DE828B79543D451BBA,2026-06-07,PK,0,1,1,0.044027583,0,0,0.042287035,8,0,26,26,1
DB5C7D38C6B2466A87ACC97CA4BDFCD8,2026-06-07,US,1,0,0,0.338566935,0,0.309114532,0,0,1,11,10,1
5018720B6637454586047F97C64D8C07,2026-06-10,SN,0,0,0,0.000180005,0,0,0,0,0,5,5,0
A8D2251C5AA040468DBFEB0C123FE06E,2026-06-10,US,0,0,0,0.537341011,0,0,0.50125,1,0,15,15,1
38E51E9264B848FE9FFA930562040CA3,2026-06-08,US,1,0,0,0.61753061,0,0.294000006,0.281208679,2,1,3,4,1
A39377017D3B4C55A30AB50042896BA3,2026-06-10,BJ,0,1,1,0.007955258,0,0,0.005150261,2,0,18,17,1
0ED461291A2044C8A08B39C8AD58C6E0,2026-06-06,PK,0,0,0,0.018039895,0,0.017721452,0,0,3,17,16,0
2BE68B75E9D04B45A783B455B1FF2CA0,2026-06-05,US,1,0,0,0.014855696,0,0,0,0,0,4,4,0
B8D4BA9C824942C3A9521CF820788127,2026-06-05,US,0,0,0,0.594951742,0,0.573541077,0,0,1,6,6,0
1F3D9FB7E5244D8AB3C3560611198695,2026-06-06,US,0,1,1,0.004182421,0,0,0,0,0,34,33,1
117FD361EF0D4348AFBF770ED9AE6883,2026-06-07,CH,0,1,1,11.709161043,0,1.079049957,10.540577453,34,2,37,35,1
DDDBED20749D42989D427941A1FD97B2,2026-06-06,US,0,0,0,0.01037426,0,0,0,0,0,10,10,1
CF8A57B38B3D4A82A69B307A34E963EC,2026-06-11,EG,1,0,0,0.023359587,0,0.023055618,0,0,1,12,12,0
2F3005EC8409470F8EC24D12C199D286,2026-06-11,EG,0,0,0,0.000524747,0,0,0,0,0,9,8,0
DC94100658A84329BAAC78FA11FE057C,2026-06-06,AU,1,1,1,2.465967278,0,0,2.391734497,2,0,16,16,1
2ECBF77C1F3B4565A351F8D2B0D3FDE2,2026-06-07,PK,1,0,0,0.013748088,0,0.013664908,0,0,1,10,9,0
03186547098F4CB09D66E4DA5D6EC2EE,2026-06-06,DE,0,1,1,0.22410396,0,0.032880278,0.185260587,26,1,44,43,1
802321E17F324612954AD51593FC71BD,2026-06-05,US,1,0,0,0.034123602,0,0,0,0,0,7,7,0
8F8AA47C6B6F4A1BB03726D686BC7637,2026-06-05,NO,0,0,0,0.04830803,0,0.04236086,0,0,1,8,7,0
7F418679E36D456EB961AB256BEEBF46,2026-06-08,US,0,1,1,0.376957261,0,0,0.344253084,10,0,27,27,1
1C30A3EAC67F4A7489B6BFBA01B1089C,2026-06-09,US,1,1,1,0.004099352,0,0,0,0,0,15,14,1
D3D21EA511D7410FBEFA7FFACFFD87C4,2026-06-06,US,1,0,0,0.26655515,0,0,0,0,0,11,11,1
22F2E64D3E984347B4780F3A2A866985,2026-06-10,DE,1,1,1,0.016969884,0,0.014473042,0,0,1,14,13,1
D7274B83B8BC40A495843658A7A601ED,2026-06-12,SA,1,1,1,0.476680903,0,0.179727955,0.29462765,49,16,92,91,1
B22ACE8D51334DA7AFF468137CB717DD,2026-06-05,US,1,0,0,2.834135677,0,2.691564993,0,0,11,17,17,1
67C3F37A352B434A943C67F55CE141D2,2026-06-07,AT,1,0,0,0.088990987,0,0,0.075815292,1,0,23,23,1
D4B298C00E774C85A27D2EE36EA1CA3D,2026-06-10,US,1,0,0,0.013683614,0,0.012192691,0,0,1,8,7,0
3181147FA6054597B52C115DBD98D844,2026-06-10,PK,1,1,1,0.00309073,0,0,0.002676988,1,0,19,19,1
6E11723C43474D1BAB3FB4F9DB1A4D3A,2026-06-09,DE,1,1,1,0.464979112,0,0.027813817,0.418810499,51,4,67,66,1
6675CC27E7B94DF6BF6CCC0C84CFB047,2026-06-05,PK,0,0,0,0.024415306,0,0,0.023000916,1,0,19,19,1
9629EB9B6F5A45628A16AC0B335DDC3F,2026-06-12,EG,0,0,0,0.000549975,0,0,0,0,0,6,6,0
DF62F89667874649BD5F29060B813BB9,2026-06-12,PK,1,0,0,0.000249656,0,0,0,0,0,4,4,0
D361821965744549807A96AAF9903B79,2026-06-12,MM,0,0,0,0.006258456,0,0.006139131,0,0,1,10,10,0
E60635AF96EA463787ED8DE5F34B0C93,2026-06-12,US,1,0,0,0.009590309,0,0,0,0,0,7,7,0
554CCB9429D148F29471C326A83F827D,2026-06-08,US,0,0,0,0.386642239,0,0.32986678,0,0,1,15,15,1
28C9FF36CC6847A9923662C18FF890E9,2026-06-06,PK,1,0,0,0.080055465,0,0.057188214,0.019711212,2,7,20,19,1
70E46DB984744B499F9173E4A1012CDB,2026-06-08,MM,0,0,0,0.000064146,0,0,0,0,0,13,13,1
40302EF583F54A0F940E54375293B944,2026-06-06,US,1,0,0,0.318024346,0,0,0.295463256,3,0,17,17,1
DD9AB4EDD1764E6FB9686D11375C77B8,2026-06-05,US,0,1,1,0.0623371,0,0,0,0,0,13,12,1
2182F6488B0D433E9423E223F656BC2F,2026-06-10,US,1,1,1,0.269328912,0,0.254072084,0,0,2,7,7,0
DE14D608B56A409194944F8D06EFE58E,2026-06-11,PK,0,0,0,0.000664359,0,0,0,0,0,6,6,0
33DF3F0DF8604ABEBDB40C0AF77320B6,2026-06-05,EG,1,0,0,0.028352219,0,0.02687923,0,0,4,15,14,0
41A3D040383946FC8CBD3032B04C5BB7,2026-06-08,EG,0,0,0,0,0,0,0,0,0,5,5,0
55873F683A0D41A7909D8B211AB4C6D2,2026-06-09,BJ,1,0,0,0.045479458,0,0.012652488,0.031115502,5,1,52,52,1
BDE0CF49521B480CBD6FEFED1C0219F7,2026-06-09,TH,0,0,0,1.479866537,0,0,1.472642686,2,0,16,16,1
0BA68F1D8EC44832A5AE211C8955DF25,2026-06-06,RE,0,0,0,0.012252125,0,0,0.004676054,1,0,15,15,1
E8C0F040ADEE487CB87A81730F47024C,2026-06-11,IQ,0,0,0,0.005,0,0,0,0,0,4,4,0
B8A3C8CC01894D38B5C20BDA3935B250,2026-06-11,SN,0,0,0,0.00027668,0,0,0,0,0,4,4,1
605712742A7C439A88047202822C6F97,2026-06-06,GB,0,1,1,25.891027156,0,3.3222222,22.331285991,14,2,34,34,1
7AAE6144560443A2A6EC38F40178D259,2026-06-06,GB,1,1,1,0.776814962,0,0.03,0.53223255,31,1,48,48,1
1B38C50863CB4D43ADCD5E4E31E5D58D,2026-06-07,US,1,0,0,0.036175521,0,0,0,0,0,7,7,0
A43251575E6549ADA030DABF5FAB11B0,2026-06-10,FR,1,1,1,0.421802217,0,0.194181707,0.221783998,46,33,72,72,1
5AC5A336EB4743E295F382929043D14A,2026-06-06,US,0,0,0,0.059456192,0,0,0,0,0,9,9,0
C01FF48D74214B0FB24C300FB1D31FAD,2026-06-12,CH,0,0,0,0.029668195,0,0,0,0,0,5,5,0
08C4F6D3B2A442C9A4382EBE5BA1C641,2026-06-08,US,1,0,0,0.155174379,0,0.133778275,0,0,1,5,5,0
1E52A6BA27724ADFB0C08F928A583A0B,2026-06-09,SN,1,0,0,0.012113422,0,0.011611865,0,0,1,8,8,0
4FE14DC5D2A54DE5BD8EC33F31E6096E,2026-06-08,JP,0,1,1,3.465144412,0,0,3.42291616,4,0,19,19,1
FE0B9945D3EE4DA3BF20111FE00BA58B,2026-06-06,US,1,0,0,0.411043964,0,0.363125,0,0,1,8,7,0
4F33B112D72B4C3FBA00A65272E0F052,2026-06-06,RU,1,0,0,0.0109097,0,0,0,0,0,6,5,0
A0C01ADCDEF545B8B991C92BF3E20B87,2026-06-11,GB,1,1,1,0.150227405,0,0,0.14128973,2,0,18,17,1
CB7B7EC638E0451C9B6C1F2D465CC0D5,2026-06-10,EG,0,0,0,0.00045817,0,0,0,0,0,6,5,0
C8361D65C41548C9A5FC3FD167C9F610,2026-06-08,UA,0,1,1,0.107711584,0,0,0.105476307,12,0,30,30,1
D1649CF54CF2437F854A0B49C1BC1387,2026-06-06,AU,1,0,0,0.651951458,0,0,0.647608632,12,0,26,26,1
48506EBE5C45450491D1634260BA1808,2026-06-05,HK,0,0,0,0.796070071,0,0.254657684,0.524749695,3,1,17,17,1
1B125A955F06423995C682379867EE41,2026-06-06,GB,1,0,0,0.08081983,0,0,0.078618528,3,0,17,17,1
C7F360EDC9DE4C878287863311EF2040,2026-06-08,US,0,0,0,0.006609,0,0,0,0,0,4,3,0
5CC5FA8BD0694B419626540C7E384887,2026-06-08,PK,0,0,0,0.000201077,0,0,0,0,0,13,13,1
10801A356BB14A9BABC9215D8966C2A9,2026-06-09,JP,0,0,0,0.004394796,0,0,0,0,0,4,3,0
84981B6F675942B6BB4446AEF8522ED9,2026-06-11,BJ,0,1,1,0.007621349,0,0.007147194,0,0,1,23,21,1
ACC08DF894184AA8B498E4C6F39C654F,2026-06-11,US,1,0,0,0.072975874,0,0,0.056492207,1,0,16,16,1
9AA0027CDADE482DA1DB4D27EE3B7907,2026-06-11,US,1,0,0,0.261308337,0,0.251529068,0,0,1,5,5,0
C4C458399DFE4666A93BDD2079AABB0E,2026-06-07,EG,0,0,0,0.021518016,0,0.020757199,0,0,1,9,8,0
EAD64C2F36CD4FC0BB091BA1EF2E8CCD,2026-06-05,PK,0,1,1,0.061932669,0,0,0.059815363,4,0,27,27,1
2755EE07139D451CA1C5CF1A005FD4A0,2026-06-06,US,1,1,1,3.710969428,0,2.08633667,1.557289612,3,3,20,19,1
CD726B4B4A9A4F6D85B5FF852477E3FB,2026-06-07,PK,0,0,0,0.000571452,0,0,0,0,0,12,11,0
0FC9601AB26D4EE79A9A1FF4B6552E24,2026-06-07,PK,1,0,0,0.003030233,0,0,0.0025562,1,0,18,18,1
EA4DC3589B5F440C8ABE2A8784D8F393,2026-06-07,US,0,0,0,0.019133565,0,0,0,0,0,10,10,1
018AFC851B374AC9B50A8DD6F308381E,2026-06-08,DE,1,0,0,0.036194652,0,0,0.02598842,1,0,16,15,1
2FE90F1EEA034F058BBDD2CD3E3A817C,2026-06-08,JP,1,1,1,0.336147966,0,0.322813873,0,0,1,7,6,0
585EB94F6C684B848C3935044E50162C,2026-06-08,SG,1,1,1,0.908600511,0,0,0.904272423,31,0,49,48,1
53B9B4167771475DB131702B0BCEC366,2026-06-11,PK,1,0,0,0.000299635,0,0,0,0,0,11,11,0
765B1D7CB7EA455BB5871F71112AA0D1,2026-06-07,US,1,0,0,0.033614695,0,0,0,0,0,5,5,0
E35406323D174836A982341CCA8FBE99,2026-06-07,TH,0,0,0,1.075789319,0,0,1.070378764,11,0,28,28,1
06673B05109B46A1BC21247D2DD6B516,2026-06-07,US,0,0,0,0.061893763,0,0,0,0,0,6,5,0
1C9C9B2C6B7C4226A7CCDE79CFD4A904,2026-06-05,PK,1,0,0,0,0,0,0,0,0,0,0,0
82271816DF8D482DB71F7B8A183E841E,2026-06-05,US,0,0,0,0.764234629,0,0.699486246,0,0,2,15,14,1
F266C52EB81C400F9858BA6D51555C52,2026-06-12,US,0,1,1,0.400995257,0,0,0.36268585,9,0,26,25,1
756DAED7A5044E61AAF0617972B5E615,2026-06-09,TH,1,0,0,0.232042516,0,0.225249865,0,0,1,6,6,0
6C973433213445BB9D8C44A27549E7CE,2026-06-08,PK,1,0,0,0,0,0,0,0,0,1,0,0
F2E595B2B5684746A3925F871DF7FD12,2026-06-06,US,0,0,0,1.016389259,0,0.177127869,0.717907668,2,1,17,17,1
B532D31D60504582A6E5673D6956698F,2026-06-09,US,1,0,0,0.98218884,0,0,0.921728182,2,0,16,16,1
81E4E51E7F004098A9397DE0F0B0D2B3,2026-06-09,JP,1,0,0,0.017088825,0,0,0,0,0,4,3,0
E5054B4E74974BB5A879CD70B832B9B6,2026-06-06,DE,1,1,1,0.264249603,0,0,0.2625601,7,0,21,21,1
42989E7C8D2E4F34BAB3631AD247AF14,2026-06-06,US,1,0,0,0.060628455,0,0,0,0,0,6,5,0
8BD710CD4A744E4C9E292878552E2505,2026-06-06,US,1,0,0,0.198696035,0,0.175917297,0,0,1,6,5,0
5E7C9C8ABEE94BA0BBE5ADD3CB3E6771,2026-06-08,US,1,1,1,13.858135459,0,3.4677778,10.187225814,4,1,21,20,1
F0AD32BAF791458F9F29B1DA5997F69F,2026-06-09,US,0,1,1,1.93343754,0,0.789772072,1.016059578,23,13,42,42,1
9A4BDF8A57C34427BEBC9108E4B9AA09,2026-06-12,US,1,1,1,0.623185214,0,0,0.6003333,2,0,18,17,1
ED11349F71E04AB0A7643DBAE39E74AA,2026-06-08,SG,0,0,0,0.202515972,0,0,0.179065876,4,0,18,18,1
932186B7D3D5476A86B565968DA785D1,2026-06-09,IT,0,0,0,0.009962383,0,0,0,0,0,13,12,1
E894187F3ED24199AC40A72A1AA7198A,2026-06-09,US,1,0,0,0.043171151,0,0,0,0,0,16,16,0
1CD4AC2A1A09451B9C261D38B0A477B6,2026-06-07,EG,1,0,0,0.000100878,0,0,0,0,0,3,2,0
7751B3701722442BA7B90F130813815E,2026-06-05,DE,0,0,0,0.192985954,0,0,0.184971168,6,0,20,20,1
43FA30EDDCDB4DE990BDDC909FC258C4,2026-06-07,US,0,0,0,0.397551216,0,0,0.337903582,1,0,15,15,1
F7433F7E88E741058F05649A471B3CF7,2026-06-05,GB,1,0,0,0.00785618,0,0,0,0,0,12,12,1
33607A3B40AC491A98053B7DF74FB373,2026-06-05,ID,0,0,0,0.329971597,0,0.31525,0,0,1,6,5,0
374474CC6138402D84EDC34EBF52084B,2026-06-09,US,1,0,0,0.583166741,0,0,0.556513517,3,0,18,18,1
5DC07ADF08814944827070E0C62188E1,2026-06-11,US,1,0,0,1.527321754,0,1.507280823,0,0,3,8,8,0
AAF9BA10A3E545649AD66DAD0241F8F9,2026-06-06,US,0,1,1,15.251694906,0,15,0,0,3,7,6,0
E85515289CEA45868A37AEC9E7E23CE3,2026-06-07,US,1,1,1,15.963141107,0,10,5,1,2,15,15,1
8EF40D16E2544A21B0A297B11CAEF878,2026-06-10,US,1,0,0,0.013114858,0,0,0,0,0,10,9,0
4603169540C74C998578451206B793C9,2026-06-05,US,1,0,0,0.659826848,0,0.594819718,0,0,3,12,11,1
35E9B870E53F4CE88AE518DC2089E656,2026-06-09,PK,1,0,0,0.00617062,0,0.005458691,0,0,1,19,18,1
988F4211EAFD4CB5A8F294394E10955C,2026-06-06,GB,1,0,0,5.25313016,0,5,0,0,1,10,10,1
609C7789E8E74BE292F35B54EB9AA279,2026-06-11,CH,1,0,0,0.069574901,0,0,0.059449642,2,0,16,16,1
7FC8D511A6D5407AA385CA76255CD2DF,2026-06-07,US,0,0,0,0.941089726,0,0.890778582,0,0,2,9,8,0
70A17BA6C4A14495A5294A99D0E8C3CB,2026-06-09,NG,1,1,1,0.046883624,0,0,0.045857864,3,0,17,17,1
33EB1050484349FA84F13CF6A4AC2801,2026-06-10,CA,0,0,0,1.2043072,0,0,1.194761794,2,0,16,16,1
AE390943B42547288E0706E1D097D343,2026-06-08,US,0,0,0,1.101241924,0,0,0.994876673,5,0,19,19,1
504AC82E48354F0FBCDE69AF4D0D2992,2026-06-09,GB,0,0,0,0.228124551,0,0,0.219923098,1,0,7,8,1
FDD2BD6F717444A2A0141BEBD3E27B96,2026-06-05,PK,1,1,1,0.009196586,0,0.008572062,0,0,1,15,14,1
61EECABA367A4CB08F5990AFDA903C91,2026-06-07,PK,1,0,0,0.005697456,0,0,0.005270333,3,0,23,23,1
BA6E199D06FB4319B74F34708A7F1F44,2026-06-06,DK,0,0,0,0.050174547,0,0.046375,0,0,1,7,7,0
A530C7F6CEB54CD58CBEDFF6175377DF,2026-06-06,US,1,0,0,0.408958128,0,0.100169015,0.284626805,5,1,21,21,1
0E33755F9B9B4DE5AA0007089E9F290C,2026-06-07,DE,1,0,0,0.100313899,0,0,0.081912033,2,0,17,17,1
1660E14BAC394953A0D0AA7C17CD6A29,2026-06-07,US,0,0,0,0.007149887,0,0,0,0,0,4,3,0
D1E2ACA779C4474DA91FC7D0FDCCFF84,2026-06-09,DZ,0,1,1,0.019963481,0,0,0.019778706,13,0,27,27,1
69E96958C3E04927A21681D5DC73F17B,2026-06-10,PH,0,1,1,8.251534125,0,3.15892908,5.069769727,4,3,21,21,1
9C859CB58D2D403F82F803F4F83ACC86,2026-06-05,US,1,0,0,0.003028171,0,0,0,0,0,5,5,0
9C4982A8C1E444CC991B77D02AD68984,2026-06-05,AR,1,0,0,0.206942708,0,0.205425446,0,0,1,2,3,0
280EE13A3B27441D9654D79DF7B54B51,2026-06-12,US,1,0,0,1.283088284,0,1.174383301,0,0,1,10,9,1
B144637550474DA497D86C3C77BA0C68,2026-06-06,DK,1,0,0,0.000421434,0,0,0,0,0,5,5,0
2F087E361280420A9E5884800B654879,2026-06-07,FR,1,0,0,0.226836411,0,0.225320435,0,0,1,7,7,0
78708D95207D42EE892EC2258829685D,2026-06-05,PK,1,1,1,0.024782463,0,0.01313,0.010564127,2,2,27,28,1
251B0BF4CB9D45D9A30A7DAA40C03C64,2026-06-06,JP,1,0,0,0.217610901,0,0,0.19663407,4,0,20,20,1
514BFC1A68BE4F53A4E8880ABB91ADF5,2026-06-10,PK,0,0,0,0.053050952,0,0.051530243,0,0,1,5,4,0
A4951F0E22E449DB96B64AEF128947A5,2026-06-05,US,0,1,1,0.56812467,0,0,0.435733098,9,0,25,25,1
07546580DF71401A91D81A1132FC738A,2026-06-12,NL,0,0,0,0.091178024,0,0.089981064,0,0,1,6,6,0
F12BE8769F2F4C739F4E98400BF61F6B,2026-06-08,US,1,0,0,0.76190295,0,0,0.694893037,2,0,17,17,1
54989999DF46452082FEF2C22B46807E,2026-06-08,CA,0,0,0,2.631639469,0,0,2.532255243,1,0,15,15,1
AEBFDAF7B71B49F0BB2CD24AAAA0857A,2026-06-07,SN,0,1,1,0.003728278,0,0,0,0,0,7,6,0
8590C84477474D43B3C1EC8ACABEA98C,2026-06-07,SN,0,0,0,0,0,0,0,0,0,2,1,0
B805F84580DB4DB89DAD307E59141693,2026-06-08,US,1,1,1,2.485043177,0,1.307088752,1.068827422,3,3,20,20,1
3B074840F6DD4B5B9BF39F6F8ED72C6E,2026-06-12,IT,1,0,0,0.683274399,0,0.6470833,0,0,1,11,10,1
4A03E4A59042415F8FDEA1E1EA9478C0,2026-06-08,US,1,0,0,0.128147847,0,0,0,0,0,6,5,0
3190E39BF262401B85116A462C624E23,2026-06-08,PK,1,1,1,0.007857952,0,0.0073025,0,0,1,11,10,0
963CCE3D88E7445FAD64C6F8870F5619,2026-06-06,AR,1,0,0,0.222089918,0,0.21775,0,0,1,5,4,0
A54AA299E5D743819E702928CBA7F80A,2026-06-07,GB,1,0,0,1.521641959,0,0.686156921,0.83329834,1,1,16,16,1
89BD48F9C7FA43B1B0A6551294C8A151,2026-06-09,US,0,1,1,1.020234329,0,0,0.960185249,19,0,35,35,1
72173B36DDA84031B5A34FF002712EBA,2026-06-05,US,1,0,0,0.012253659,0,0,0,0,0,10,9,1
CC17D003276247E2B921E9BC1CBB84F8,2026-06-05,PK,1,0,0,0.014981968,0,0,0.014359569,11,0,26,26,1
4B2B45B4BD85457397153C985FC8FA23,2026-06-12,CA,1,0,0,0.540019699,0,0,0,0,0,15,14,1
D7BB552E226E4AC884C1895F9346169D,2026-06-08,US,0,0,0,0.472350397,0,0.444263519,0,0,1,9,8,0
BA445B9DBA864D78A118CCF4D06E6BB5,2026-06-08,US,1,0,0,0.039775085,0,0,0,0,0,10,10,1
AC1304E4DA9149E292E42949CCB8AD66,2026-06-06,US,1,0,0,0.018748784,0,0,0,0,0,7,6,0
887D0BA261F8477886B264664BD7A328,2026-06-06,EG,0,0,0,0.000758852,0,0,0,0,0,11,11,0
4F97EBD06C2F40B189E18771F716B350,2026-06-06,US,0,0,0,0.115831959,0,0.09535359,0,0,1,9,8,0
A75B7CFA7D7C4B55AF30261AE5837114,2026-06-07,US,0,0,0,0.189861009,0,0,0.158109161,1,0,15,15,1
B4BBEDE4E1D24BE1A2AC0BCFE23FD48B,2026-06-10,SN,0,0,0,0.005518632,0,0.004746168,0,0,1,19,18,0
48A103B138C64C12B2E0853222625934,2026-06-06,PK,0,1,1,0.021307246,0,0,0.019861572,7,0,30,30,1
6D5667C229634FDE8F2D3543ADFE7043,2026-06-05,SA,1,0,0,1.283885863,0,1.24995874,0,0,1,7,6,0
7A1F6F2FEF7F42D5BFD6164C9E4AE774,2026-06-12,US,1,1,1,0.903262875,0,0,0.677630676,1,0,15,15,1
C8C57A311CB04F9D92A29E6EA4E87CCF,2026-06-12,PK,0,1,1,0.000732408,0,0,0,0,0,6,4,1
C8A249E35B1843E8B6448D4CEF4DD191,2026-06-08,TR,1,0,0,2.673672894,0,1.31296677,1.328336149,6,9,31,32,1
736BC285F45440F99DE0CE96AA0AD428,2026-06-08,PK,1,1,1,0.026789227,0,0.023078756,0,0,4,19,18,0
7D45EC32B2D4458B8CC1288C9BAE3499,2026-06-08,PK,1,0,0,0.00001973,0,0,0,0,0,4,4,0
771B2E43267140CE9B45BFF695D590EC,2026-06-09,AM,0,1,1,0.001731063,0,0,0.001628553,1,0,16,15,1
2B30384ADA224668AA6E86491A236799,2026-06-06,JP,1,1,1,1.171491443,0,0,1.168477314,54,0,68,68,1
5F3D4368138E4AD9A626993C92BCE095,2026-06-10,DE,1,1,1,0.160943118,0,0.00335565,0.137775406,34,1,54,53,1
A8A741E76A074962AE2AD7AD6570F956,2026-06-05,US,0,0,0,0.347761497,0,0,0,0,0,10,10,1
16C06E399EDF4D5F8180CF281122CBC7,2026-06-06,US,0,0,0,0.677252703,0,0,0.620585266,1,0,16,16,1
D964D36CAE124E64A7A8B708F098718D,2026-06-09,US,1,0,0,0.657507964,0,0.64726329,0,0,2,6,6,0
4787668A3B9B4C97BF921B7DD6531C49,2026-06-06,IE,0,0,0,0.310273364,0,0.145887101,0.158884402,30,24,49,48,1
904F93CD5801462BBBBFF3C80DA72429,2026-06-06,SK,1,0,0,0.000618701,0,0,0,0,0,4,3,0
C99D1EB256084534BBBD1E90DED50E65,2026-06-11,SN,1,0,0,0.000323608,0,0,0,0,0,15,14,1
4068115C3B44428CB3DF72A99D96CADF,2026-06-07,BR,1,1,1,0.249258097,0,0.09333562,0.148978694,8,4,24,24,1
91D583A88876488AA49912EA98509B84,2026-06-10,SA,1,0,0,0.040186992,0,0.005338,0.034714128,10,1,26,26,1
C2A49E8674104988AEA83413079BC0D0,2026-06-12,DE,1,0,0,0,0,0,0,0,0,1,0,0
28C99D0B445D4799B4E417B2E66A96D8,2026-06-12,JP,0,0,0,0.001869751,0,0,0,0,0,4,3,0
5C3D6CB672484649A3556BF919CE118C,2026-06-06,US,1,0,0,0.24212971,0,0.214879684,0,0,1,7,7,0
36689B0DA6BA4406AC5E1915A5232AF1,2026-06-06,SN,1,0,0,0.000096396,0,0,0,0,0,10,10,1
4E0592BE65EE43F0A51C8DDCA9136A21,2026-06-07,US,0,0,0,5.226999087,0,5.056809204,0,0,2,6,6,0
D51358AAD0B04A039BCD9E40EECD3C03,2026-06-08,FR,1,0,0,0.183808196,0,0.085670303,0.069641861,1,1,13,13,1
4C33BAF91E984131819D6E14B92BB31C,2026-06-05,PK,0,0,0,0,0,0,0,0,0,2,2,0
CC80EDBB37F9476D8F1BFEF8FC710332,2026-06-05,JP,1,0,0,0.431197922,0,0.431197922,0,0,1,2,1,0
10334BF87AE64CDE98B8A54466841930,2026-06-12,PK,1,0,0,0,0,0,0,0,0,2,2,0
BAE1B6E3F596464AA63F45AF30F405BF,2026-06-06,EG,0,0,0,0.043227227,0,0,0.038214684,1,0,15,15,1
070F326B5E174B2EB79B5512BAFC0C00,2026-06-11,SN,1,0,0,0.000240707,0,0,0,0,0,5,5,0
ADA2C785667249BC873D04C48EA70DBA,2026-06-11,PK,0,0,0,0.001039604,0,0,0,0,0,15,14,0
1676ADA883D4430FBC7BAE677280B7B2,2026-06-05,GB,1,0,0,0,0,0,0,0,0,20,19,1
1EE19FB7556B495381910607C6144093,2026-06-05,CA,0,0,0,0.0052875,0,0,0,0,0,4,4,0
DD554FBEE14742FAB667E43E492FC39D,2026-06-12,US,1,0,0,1.016834299,0,0.990186767,0,0,3,10,10,1
87EA176F447C492496DAB9EDCAA6B4F9,2026-06-08,CA,0,0,0,0.004265728,0,0,0,0,0,10,10,1
F1A0E8F948CE49F6A241F42922E2A200,2026-06-07,GB,0,1,1,1.10558185,0,0,1.091249952,5,0,20,20,1
CC6FF92B73F646508F387057C3E37635,2026-06-06,AU,0,0,0,0.580759692,0,0,0.553006216,2,0,17,17,1
E63DA066000A42C6999BA462F371ECD7,2026-06-11,US,0,0,0,0.385281668,0,0,0.319395737,2,0,16,16,1
B10A207F202247238FA3B5F2431E9938,2026-06-05,ES,1,1,1,0.144021277,0,0.0552083,0.0850417,1,1,17,17,1
75D7CE70E98749BF83F70CD079BBD9C3,2026-06-07,GB,0,0,0,0.078421279,0,0,0.075821225,4,0,19,19,1
A94480FEF80F4429BA75A1B622E5BD50,2026-06-06,AU,1,1,1,5.058196445,0,0,5.049627053,2,0,16,16,1
019B8F6345C24C4A9A40D7962A20ECAB,2026-06-12,SE,0,0,0,2.742922008,0,0,2.330822998,1,0,15,15,1
D6484AA8952F4F509436239AF6ABF25C,2026-06-08,SA,0,0,0,0.078402226,0,0,0.06889563,1,0,15,15,1
250C21B60A6F407F885E7139B6814748,2026-06-06,PK,0,0,0,0.0000744,0,0,0,0,0,8,8,0
C72F15C5A51740D49B13D92527834C57,2026-06-10,PK,1,1,1,0.005943957,0,0.00170317,0.00334817,3,1,13,13,1
B89F4AFF41D64B8E870CC881B205C4E6,2026-06-12,JP,0,0,0,9.841354973,0,0,9.70639598,3,0,18,18,1
B86D9DE6861D47959C14381E0EB964C3,2026-06-06,US,0,0,0,0.008665895,0,0,0,0,0,4,3,0
8556692F6C3B4756BD57C6EA50D8D266,2026-06-06,US,0,0,0,0.004346959,0,0,0,0,0,5,4,0
4E5EB40AC6E14B24B449758BE7A99998,2026-06-10,BR,1,1,1,0.927070208,0,0.364507253,0.527454217,18,9,41,40,1
DB984A2424204F1EB810E42F85962E61,2026-06-05,CA,1,0,0,0.0317704,0,0,0,0,0,4,3,0
1217EC812A6D4E27AC4742D650B60199,2026-06-09,US,0,0,0,0.222155576,0,0,0,0,0,16,16,1
95FE337D448B4DA0A90937E6F26CDBD2,2026-06-09,GB,1,0,0,0.158380991,0,0,0.153621006,2,0,16,16,1
B533D326DED04E988EAA765CDD13363B,2026-06-09,US,0,0,0,0.310433451,0,0,0.27629575,1,0,15,15,1
C377F52FC4984C199EA484A4FCFB2223,2026-06-06,US,1,0,0,0.022472574,0,0,0,0,0,4,3,0
4B34653D23A84E92A43127BD50ACA736,2026-06-08,US,1,0,0,5.259109496,0,0,5.207509947,4,0,18,18,1
99913DD5D2F548A5B439857107B4C109,2026-06-09,SG,1,0,0,0.063449658,0,0.060257291,0,0,1,5,5,0
36E8AE3842434A5396BAFED4C5226246,2026-06-09,US,0,0,0,0.028296421,0,0,0,0,0,8,7,0
36EC028DAC8443A9AC2C2034AA9B9CF8,2026-06-09,US,0,0,0,0.014834036,0,0,0,0,0,6,5,0
BB91068848784E6FA2F44B8D0A2B1A85,2026-06-06,MA,0,0,0,0.474997692,0,0.4548172,0,0,1,5,5,0
D8A5E296E4DA4070ABDE22792E12267B,2026-06-10,EG,1,0,0,0.000224429,0,0,0,0,0,11,10,0
203F3AED7F86407FBC6C1CDFEB782697,2026-06-08,FI,1,0,0,0.441934207,0,0.433006897,0,0,1,8,8,0
CD9959C234D54F1EB5573D58563902BC,2026-06-09,US,0,0,0,0.192819256,0,0,0,0,0,10,10,1
0A5864A171E3418592EAD4891EF75519,2026-06-06,US,0,0,0,0.181583729,0,0.155638319,0,0,1,10,10,1
A161C4741C344D82ABD9536FF043E29F,2026-06-06,CA,0,0,0,0.014270316,0,0,0,0,0,8,7,0
D04AEAFAA81C4296B48D2C7DE12FFEAF,2026-06-07,SA,1,0,0,0.847241902,0,0.8204167,0,0,1,9,8,0
CA0E4EB289D640FAB6E288DE9636F429,2026-06-05,US,1,1,1,1.811884216,0,0,1.69227237,3,0,22,21,1
3357E3D5C2C74EDC8F05A70F8CFD730D,2026-06-10,SN,0,1,1,0.000356238,0,0,0,0,0,12,11,1
72F0AF52FD5843B492A2F35E16065161,2026-06-10,AU,0,0,0,0.688196353,0,0.669429193,0,0,1,10,9,1
02470E80035F4CAFA967A7BCF0DA79BA,2026-06-12,PK,0,0,0,0.000080714,0,0,0,0,0,10,9,0
AE75203CCF7240DEBE1C17589DBED86B,2026-06-09,US,1,0,0,0.835853397,0,0.815570374,0,0,1,6,5,0
A5C40FE6CB0D414AA4A2B154964E1E4C,2026-06-06,US,1,0,0,3.566304039,0,3.413052002,0,0,1,8,7,0
FE2402A39428412393A42870925BF9A8,2026-06-06,CA,1,0,0,0.005038494,0,0,0,0,0,4,3,0
F3B31B4FDF9941E9B1B9C1B347FA316E,2026-06-12,EG,0,0,0,0.00006932,0,0,0,0,0,1,0,0
CEAE2A34F44B4A9E8488C58D2B112A93,2026-06-12,IT,1,0,0,0,0,0,0,0,0,1,0,0
325E80A97D584679AF002C68E9B9EA56,2026-06-08,US,1,0,0,0.226628564,0,0,0.199400635,1,0,20,20,1
2AAB85265FD749BE84E2239167723318,2026-06-07,PK,1,1,1,0.000265781,0,0,0,0,0,6,5,0
553E3CAE1C1142BFB563C608ADFA2ED7,2026-06-10,US,1,1,1,1.55264432,0,0,1.504009566,6,0,20,20,1
872C50B7D22B4400AC394D263BA014DB,2026-06-07,HU,1,0,0,1.485385841,0,0,1.416525391,1,0,15,15,1
BF4A233BE9AF4431A5A8948637C586C7,2026-06-11,AU,0,1,1,0.373848276,0,0,0.370225826,3,0,17,17,1
68F9F7424C634AF1BF14A40F124C89D7,2026-06-07,US,1,1,1,0.556881301,0,0.524097359,0,0,2,6,6,0
C609D5ABE2AD423C8AF2FABDFC326893,2026-06-09,PK,1,0,0,0.000093034,0,0,0,0,0,3,2,0
DD6DB47076EE44469BC7EC22F311FE2D,2026-06-12,US,0,1,1,0.780907386,0,0,0.74123384,30,0,48,47,1
0850F4480DD6431199AE18519FA6433D,2026-06-09,JP,0,1,1,2.671386155,0,0,2.600013705,4,0,19,19,1
85BD87AF3263457FA61B842BF9A45E90,2026-06-12,JP,0,0,0,0.173622996,0,0,0.172248703,2,0,16,16,1
02B70419FF414DE583C11E99475E8EE0,2026-06-06,KW,1,1,1,0.170114878,0,0,0.163173113,29,0,45,46,1
57936EBE8A9B4C17B19E3806CB664C35,2026-06-08,US,1,0,0,0.995581787,0,0.642014297,0.311203507,3,4,19,19,1
C09AA9F9BBAA46569645477149A9A722,2026-06-07,GB,1,0,0,1.048544101,0,1.011863464,0,0,1,10,9,1
17B6FCC4B9894ED9A5804EC2B34E6C45,2026-06-09,EG,0,1,1,0.03613664,0,0.014561086,0.021334205,3,2,31,31,1
56B6DCF8B6314611B9104949681B1DF9,2026-06-05,UA,1,0,0,0.118406109,0,0,0.107660933,3,0,18,18,1
2DB110CA9ED34228BF94A0067C67B223,2026-06-12,JP,0,0,0,5.082511975,0,0,5,1,0,15,15,1
EFFF4ECEB81840C78172AB78B40EDA53,2026-06-12,US,1,1,1,1.238486421,0,0,1.206176284,7,0,21,21,1
823CC12C5F544ACE919FD44B6874A8D8,2026-06-12,AU,1,0,0,0.003370419,0,0,0,0,0,10,10,1
509A74CD6A204C65ADAEED1FA72BA39C,2026-06-06,PK,0,0,0,0.010677669,0,0,0.010187101,2,0,18,18,1
9378A7120A184A6A8DA6CEEFD88D8EDC,2026-06-06,IL,0,0,0,0.031152931,0,0,0.019645443,1,0,15,15,1
AFA4DF765C964AF8B9A79FD126400CE6,2026-06-05,US,0,0,0,1.369367153,0,1.331761475,0,0,1,5,5,0
8188C16B4519485B8585AFC3CAE5C4D0,2026-06-05,GB,0,0,0,0.493019227,0,0,0.470950521,26,0,42,42,1
25FA869B929B48D188E10425345BFB95,2026-06-11,FR,1,1,1,0.424111112,0,0.083001699,0.323585923,19,2,49,49,1
CE228FBFC8A24D5A8817CC703128E733,2026-06-12,US,1,0,0,0.245213671,0,0,0.231869859,1,0,15,15,1
4BB9688B3CC4419582500843AA5A02AD,2026-06-09,US,1,0,0,12.72621895,0,12.549824903,0,0,4,33,32,1
F7FBA491F8474B7D913134E93D7DBCAA,2026-06-06,US,1,0,0,0.025936873,0,0,0,0,0,5,4,0
4C11D1492662400E86A834AA3F49AD90,2026-06-06,MY,1,0,0,0.041319385,0,0,0.04069468,5,0,20,20,1
D7BAA7FCC0D54A46B86A8FA39B9F4CE0,2026-06-11,DE,1,0,0,0.158040011,0,0.152623408,0,0,1,16,15,1
6F85E99794B24A479D7AF696F5CEEDE4,2026-06-10,PK,1,0,0,0.000179786,0,0,0,0,0,5,5,0
8F95FE11551546A7B2BFFED8E0A8310A,2026-06-12,PK,1,0,0,0.003539182,0,0.003434644,0,0,1,17,16,1
361EEE39D50B426894B96B155BF75528,2026-06-12,HR,1,0,0,0.049283684,0,0.046781242,0,0,4,8,8,0
A0475290C7CB47EFAA1CEFE8CE864616,2026-06-11,PK,0,1,1,0.048750251,0,0.0160842,0.031144437,3,1,26,27,1
394E68BD4D6D4EF7B7E1CFF34463C787,2026-06-09,US,0,0,0,0.10887516,0,0.092675419,0,0,1,5,5,0
A503058D4A7C4972BECB968DEA25CEDE,2026-06-06,SA,0,0,0,3.16492725,0,1.777063599,1.308003174,1,1,16,16,1
5C9CD3561C2A468A862C2CDE2C702F82,2026-06-11,EG,0,0,0,0.000398634,0,0,0,0,0,6,5,0
326294DB1BAC4EA597C27082928EBEDE,2026-06-10,AU,1,1,1,0.588901221,0,0,0.561760566,8,0,24,24,1
4F820A715BB0421F97C126B13D6ABE9A,2026-06-05,NG,1,1,1,0.003125616,0,0,0,0,0,18,18,0
E4E54AF032494FF584A1DBBC01EE5997,2026-06-09,US,1,1,1,1.698513537,0,0,1.500484131,1,0,15,15,1
06D8067707744559B13D6DD050EF26A9,2026-06-05,DE,0,0,0,0.067032588,0,0,0.06595894,2,0,16,16,1
ABD4767454D940629C8854455855E3AD,2026-06-12,SN,0,0,0,0.011923127,0,0,0.011529074,3,0,19,19,1
B8D53E0FD07A4AC6B3692A43C7663A99,2026-06-07,IT,0,0,0,0,0,0,0,0,0,2,1,0
73D8FB850213404A8798A59C74162B5C,2026-06-07,US,1,1,1,0.172957377,0,0,0,0,0,8,8,0
11EF7DC595EB46CCB28A2B5AB1782C10,2026-06-10,EG,1,1,1,0.005329533,0,0.005036718,0,0,1,9,9,0
ACBE31D580864175A197C76150D2D8E9,2026-06-06,GR,1,0,0,0.405340597,0,0.364972565,0,0,1,5,4,0
4DF1C9C91D0F44759A1E9DFF5E5E2B56,2026-06-07,GB,1,0,0,0.709353219,0,0,0.69087915,1,0,15,15,1
6D805C9FED204B7683613CC267EBBE26,2026-06-11,CA,1,1,1,0.249233059,0,0.224181876,0,0,3,15,14,1
88C764D58DBA4A97B1EABC741F697A98,2026-06-09,GB,0,0,0,0.250680964,0,0.23525,0,0,1,8,8,0
5059E6B12A7E4ACB9196C5BD088DCCA3,2026-06-06,US,1,0,0,1.714251802,0,1.6877778,0,0,1,6,5,0
7E1D338CBE74468E890B30E425437E6B,2026-06-08,MX,0,1,1,0.392073989,0,0,0.383492682,15,0,30,29,1
60FF4842BBE543CD839B149B4D78B00C,2026-06-09,US,0,0,0,0,0,0,0,0,0,1,0,0
63C1679442A848E88B514A112ADC1914,2026-06-09,US,1,0,0,0.139407803,0,0.116159727,0,0,3,9,8,0
8D2AD725D56646D38D8861A7E48C98B0,2026-06-07,US,0,1,1,1.15184956,0,0.539851868,0.52125,1,1,16,16,1
50A8D089A02147E3821E5671E5370558,2026-06-07,TW,0,0,0,3.173288323,0,0,3.143115135,10,0,25,24,1
40B929579EAC442C9A9A307A87786D34,2026-06-05,SN,1,0,0,0.001444743,0,0,0,0,0,6,5,0
507129191CEC4758BF25451F4E0228D7,2026-06-08,NL,0,0,0,0.016831273,0,0,0.010459734,1,0,15,15,1
228C23A059CE44BFB27BEF2FE5B4C23C,2026-06-06,PK,1,0,0,0.000065247,0,0,0,0,0,9,8,0
BC0529BDE8D44CD484149CC7A4A3F7A6,2026-06-06,US,0,0,0,0.030381263,0,0,0,0,0,4,3,0
8A5741E9186F4C8A8EFAADC488855DE7,2026-06-11,BJ,0,0,0,0.003501891,0,0,0,0,0,18,17,1
B54F149FC330449F98CC8864D089902C,2026-06-06,ES,0,1,1,0.0241324,0,0,0,0,0,6,5,0
14DFE59EA0034BCEAD9DE2F567DD16B5,2026-06-11,US,1,0,0,0.021489746,0,0,0,0,0,15,15,1
1E9A66288D714814A9BB3CB86D69ABCB,2026-06-07,US,1,0,0,0,0,0,0,0,0,1,0,0
5EE7BFAEE4174CBA834ED5AFD7A7C4FD,2026-06-07,PK,0,0,0,0.030220636,0,0.028016712,0,0,2,10,9,0
97C9E6AB079741159FD553FCA371411D,2026-06-10,PH,1,0,0,0.013726996,0,0.013137307,0,0,1,15,14,1
7C347C00536A41FF8E145BD68CF35E47,2026-06-08,US,0,0,0,0.413707324,0,0,0.3410833,1,0,15,15,1
D4EBE062690D4310868FDAFF94F60632,2026-06-05,AT,0,0,0,0.262084595,0,0.037064172,0.220214494,25,2,40,39,1
964C714B4AAF434DB10A9B52285D2AC8,2026-06-12,TR,0,1,1,1.652226782,0,0.348169678,1.260429711,4,1,18,18,1
CD5EF220A76042D6BCAFB55A29EA334C,2026-06-06,EG,1,0,0,0.000023702,0,0,0,0,0,2,2,0
2F2EB03734A44B6F9FC07B338EF8244B,2026-06-07,CH,0,0,0,5.124447222,0,5,0,0,1,9,9,0
D9ABE5EAF63843FBAC518807AFC5348A,2026-06-08,GB,1,0,0,0.242242499,0,0.235143939,0,0,4,12,11,1
6CC49BE0A0EB4A71B2D7F7D0E798CB59,2026-06-09,JP,1,0,0,7.583656155,0,4.718505171,2.805250245,5,6,24,23,1
15906C49B85342039AE7F883B4854ADA,2026-06-06,JP,0,0,0,5.313652539,0,0,5,1,0,15,15,1
5B3B592C31B54625AF4BDDCDD956B9F1,2026-06-05,US,0,0,0,2.99855781,0,2.9744444,0,0,1,5,5,0
A1F11E9098CA4B8AA0C39A16F59196BC,2026-06-06,US,0,1,1,0.115983635,0,0,0.104281805,4,0,18,18,1
C8CF1A76C5F9445EA56E342F72154A33,2026-06-10,PK,1,0,0,0.003018315,0,0,0,0,0,12,12,1
6AD22CE778E64C548FB48B687EC31AE9,2026-06-10,JP,0,0,0,0.514622245,0,0.03332729,0.465973446,23,1,40,39,1
4384EF23A4B749169420CE659191E5A8,2026-06-08,GB,1,0,0,1.655924559,0,1.553582275,0,0,1,9,9,0
F7953258BB47473CBAEC05A7FABB150E,2026-06-10,CH,0,1,1,0.306246885,0,0.096225063,0.188782301,6,2,22,22,1
258656CFB9C246788BD5584687025DD7,2026-06-07,CA,1,0,0,9.810624352,0,9.396666016,0,0,2,7,6,0
3319A9AAA06B43CB946A1B513DE941D8,2026-06-07,IL,0,1,1,0.12016177,0,0,0.11741795,2,0,17,17,1
FF7D83853BE3444F8A0C73B0F5C5B2EF,2026-06-10,DE,0,0,0,0.859941132,0,0.095615585,0.760342507,11,1,25,25,1
289A3E75A3214C538AE8E0B7014A331D,2026-06-09,DK,1,1,1,0.417019121,0,0.163563021,0.24564662,12,6,32,32,1
DA8028FAA9964F09B91ABBD30FE552CF,2026-06-09,CA,0,0,0,0.711530676,0,0.704921082,0,0,1,10,10,1
130F682746FF435D83A09A713798C0B8,2026-06-06,SN,1,0,0,0.0001673,0,0,0,0,0,1,0,0
97FF0E24C2194D28B816D8A9FAB29BC1,2026-06-10,US,1,1,1,3.363689064,0,2.964523138,0.346282867,1,7,20,18,1
9F6AF4135E1D4B1C866314D2229CC3D9,2026-06-10,US,0,1,1,0.279634486,0,0,0.2670833,1,0,9,8,1
0E70E9F8E31F437D80295068165409E6,2026-06-05,CA,0,0,0,0.706147766,0,0,0.685763873,3,0,18,18,1
0943DDBE53354D11AA3E9D7241D6976C,2026-06-07,DE,1,1,1,0.26914793,0,0.025869861,0.218556688,12,1,32,32,1
DC3B5641482145408BB98C1C6EB29B2A,2026-06-06,PK,1,0,0,0.000241946,0,0,0,0,0,7,7,0
81C787193C6B40FBAA750396D6C9C88E,2026-06-10,FR,1,0,0,0.00417615,0,0,0,0,0,9,9,0
96B06187065B43ADA9AE562DA545C7FA,2026-06-05,CA,0,0,0,0.489479248,0,0.359077742,0.111005338,1,1,15,15,1
4C593D605EF94C30A0E36651EEB9986B,2026-06-06,SN,1,0,0,0.000171159,0,0,0,0,0,4,4,0
3D567E16544D4A1781A648077FBD89B0,2026-06-06,JP,0,0,0,0.546304722,0,0.360769273,0.176840417,28,9,45,44,1
B35C137C21DF425F9A9820186AD05A5D,2026-06-05,PK,1,1,1,0.0001776,0,0,0,0,0,3,4,1
751BC786AE694E3BAACD0EC926E89183,2026-06-11,US,1,0,0,0.007605667,0,0,0,0,0,6,6,0
0A5796181B23454CBC93989AEB032DF5,2026-06-12,NL,0,1,1,0.117853562,0,0,0.10956292,9,0,36,36,1
CFECAD06F4754B39A77C1A6DB8E14024,2026-06-08,GB,1,0,0,1.174500166,0,0.58114414,0.556840729,1,1,15,15,1
FF1668A919E54C10B0C776804C5AE8A0,2026-06-06,US,0,0,0,0.612697401,0,0.541370971,0,0,1,10,9,1
DBD93F15B653429198D4FC81EA23C217,2026-06-08,US,1,1,1,1.839832728,0,0.268561043,1.535216866,21,1,36,36,1
A102A655C305498AAD1AAB5719A88136,2026-06-08,PK,1,1,1,0.014307055,0,0.013862133,0,0,1,15,15,0
1428DBCF1CDF46AC9D446ECC98E12092,2026-06-06,US,1,0,0,0.329819959,0,0,0.290966248,1,0,11,12,1
0E59D1DE7B3A4B5E9F0FC91EEDAF59A1,2026-06-06,US,0,0,0,5.054892386,0,5,0,0,1,6,6,0
F4DBA7FA8EC444A0982316B898100470,2026-06-08,SN,0,0,0,0.007148339,0,0.007094639,0,0,1,2,1,0
0F6F5478F19143A0906D3AD20B0007EA,2026-06-06,CA,0,0,0,1.668476439,0,0,1.65600124,4,0,20,20,1
8746635DC321479E9828A2D12F69F6EF,2026-06-07,PK,1,0,0,0.019935771,0,0,0.01971641,1,0,16,15,1
45F53AF9A43E45139337DCA0C730ABC2,2026-06-08,EG,1,0,0,0.004686019,0,0,0.00458377,1,0,23,22,1
CA4C049ED27F47CAB4BD5CC689AADDD4,2026-06-09,DE,0,0,0,1.064934019,0,1.008463057,0,0,2,14,13,1
6B5AEB7D7E134C7AAB4701B4D78BE541,2026-06-05,GB,0,0,0,0.753847355,0,0,0.746411377,1,0,15,15,1
C200ADE5B2FE4276B7A2C76FBC5A4C93,2026-06-06,PK,0,0,0,0.004713126,0,0.004434004,0,0,1,6,5,0